título;título_alternativo;criador;contribuidor;assunto;resumo;descrição;editora;edição;data;tipo;identificador;fonte;idioma;cobertura;nível_de_educação_da_audiência;extensão;direitos;citação_bibliográfica;arquivo;collection
"""O curumim que virou gigante""";;Joel Rufino ;Lucia Lacourt;"Culturas indígenas; família; curumim";É a história de Tarumã, um indiozinho que queria muito ter uma irmã, mas como ela não vinha, ele começou a imaginar a criança e seus amigos a acreditarem em suas histórias.;;Ática ;;2005;Fisico ;978-8508017409;O curumim que virou gigante | Amazon.com.br;pt-BR;;Infantojuvenil;200p;;RUFINO, Joel. O curumim que virou gigante.São Paulo: Editora Ática, 2005.;https://m.media-amazon.com/images/I/51+puyuRGrL._SY425_.jpg;indigena
""" A terra dos mil povos:histórias indígenas brasileiras contadas por um índio""";;Kaka Werá Jecupé ;Taísa Borges;"Culturas indígenas; História do Brasil";Ás vésperas do aniversário de quinhentos anos do descobrimento do Brasil, este livro conta a história do Brasil a partir da narrativa indígena.;Educação para a paz;Peiropólis;1ª;2000;Físico;8585663243;Terminal - Sophia Biblioteca Web (bn.gov.br);pt-BR;;Juvenil;115p;;JACUPÈ, Kaká Werá. A terra dos mil povos: histórias indígenas brasileiras contadas por um índio. São Paulo: Editora Fundação Peirópolis, 2000.;https://m.media-amazon.com/images/I/7180aSEb-gL._SL1500_.jpg;indigena
"""As serpentes que roubaram a noite e outros mitos"" ";;Daniel Munduruku;Crianças Mundukuru da aldeia Katô;"Culturas indígenas; cultura Munduruku; memória ancestral";Apresenta mitos contados pelos velhos da aldeia e que são contadas e recontadas às crianças indígenas como forma de preservação da memória ancestral.;Premiações: Altamente recomendável pela FNLIJ.;Peiropólis;1ª;2001;Físico;8574163598;Terminal - Sophia Biblioteca Web (bn.gov.br);pt-BR;;Infantojuvenil;56p;;MUNDURUKU, Daniel. As serpentes que roubaram a noite e outros mitos. São Paulo: Editora Fundação Peirópolis, 2001.;https://m.media-amazon.com/images/I/71ZBBkQCbhL._SL1186_.jpg;indigena
""" Meu vô Apolinário: um mergulho no rio da (minha) memória""";;Daniel Munduruku;Rogério Borges;"Autobiografia; Cultura indígena; Infância; Memória";Nesta obra, o autor relata passagens da sua vida e do seu relacionamento com o vô Apolinário que contava histórias dos espíritos ancestrais.;"Prêmios:
Menção honrosa do prêmio Literatura para Crianças e Jovens na Questão da Tolerância, na categoria de livros para crianças de até 12 anos.
";Studio Nobel;1ª;2001;Físico;8585445955;Terminal - Sophia Biblioteca Web (bn.gov.br);pt-BR;;Infantojuvenil;39p;;MUNDURUKU, Daniel. Meu vô Apolinário: um mergulho no rio da (minha) memória. São Paulo: Studio Nobel, 2001.;https://m.media-amazon.com/images/I/91aDpAmLqRL._SL1500_.jpg;indigena
"Kabá Darubu""";;Daniel Munduruku;Marie-Thérése Kowalczy ;"Culturas indígenas; cultura Munduruku; infância; ancestralidade indígena";Kabá Darebu é um menino indígena que conta como é ser da etnia Munduruku, seus hábitos, costumes, modo de viver e os saberes ancestrais de seu povo.;;Brinque-Book;1ª;2002;Físico;8574120863;Terminal - Sophia Biblioteca Web (bn.gov.br);pt-BR;;Infantil;28p;;MUNDURUKU,Daniel. Kabá Darebu. São Paulo: Brinque-Book, 2002.;https://m.media-amazon.com/images/I/91P5FB70uaL._SL1500_.jpg;indigena
"""Xereko arandu: a morte de Kretã"" ";;Olívio Jekupé;Maté;"Culturas indígenas; povo Kaingáng; saberes ancestrais";Histórias contadas por Olívio Jekupé em sua viagem ao Paraná, em que nos apresenta Ângelo Kretã, cacique do povo Kaingáng, conhecido por sua coragem e determinação na defesa das terras do seu povo e da união dos povos indígenas.;;Peirópolis;1ª;2002;Físico;8585663065;Terminal - Sophia Biblioteca Web (bn.gov.br);pt-BR;;Juvenil;56p;;JEKUPE, Olívio. Xereko arandu: a morte de Kretã. São Paulo: Guarulhos, SP: Editora Fundação Peirópolis : Palavra de Índio, 2002.;https://m.media-amazon.com/images/I/61PzmL78UqL._SL1500_.jpg;indigena
"""Larandu: o cão falante"" ";;Olívio Jekupé;Olavo Ricardo;"Culturas indígenas; fábulas";Quando o curumim Popyguá descobre que seu cachorro Iarandu pode falar, o mundo se transforma. Juntos, eles se envolvem em aventuras de magia e mistérios, em que realidade e fantasia se misturam.;Premiações: Indicado na Bibliografia Brasileira de Literatura Infantil e Juvenil, Vol. 13 – 2002.;Peirópolis;1ª;2002;Físico;858566388X;Terminal - Sophia Biblioteca Web (bn.gov.br);pt-BR;;Infantil;32p;;JEKUPE, Olívio. Larandu:o cão falante. São Paulo : Editora Fundação Peirópolis, 2002.;https://www.editorapeiropolis.com.br/wp-content/uploads/2018/03/64.jpg;indigena
"""Coisas de Índio: versão infantil""";;Daniel Munduruku;;"Culturas indígenas; Cultura Munduruku; modos de vida; costumes; dia-a-dia";Trata-se de uma obra paradidática, em que Daniel Munduruku explica o que é ser índio nas culturas indígenas. Fala da organização social, língua, artes, costumes e modo de viver de diferentes etnias brasileiras.;"Prêmios: FNLIJ - Altamente recomendável; Prêmio Jabuti";Callis;1ª;2003;Físico;8574161918;Terminal - Sophia Biblioteca Web (bn.gov.br);pt-BR;;Infantojuvenil;54p;;MUNDURUKU, Daniel. Coisas de Índio: versão infantil. São Paulo: Callis, 2003.;https://m.media-amazon.com/images/I/71YFnIDKR7L._SL1053_.jpg;indigena
"""O segredo da chuva""";;Daniel Munduruku;Marilda Castanha;"Culturas indígenas; fábulas; saberes ancestrais";A muito tempo não chove nas terras onde Lua, o menino indígena, mora. Com sua coragem e com seus companheiros, a onça, a capivara e o macaco, eles vão atrás da solução para descobrir o segredo da chuva;Série Mico Maneco;Ática;1ª;2003;Físico;8508087446;Terminal - Sophia Biblioteca Web (bn.gov.br);pt-BR;;Infantojuvenil;62p;;MUNDURUKU, Daniel.O segredo da chuva. São Paulo: Editora Ática, 2003.;https://m.media-amazon.com/images/I/81CAJn0thHL._SL1500_.jpg;indigena
"""As peripécias do Jabuti""";;Daniel Munduruku;Ciça Fittipaldi;"Culturas indígenas; fábulas; pajé";Fala de três fábulas contadas por um pajé onde o jabuti, o personagem principal, luta para vencer o desafio dos seus astutos adversários, a raposa, a onça e o veado-catingueiro;Série: Fábulas de ontem à noite;Mercuryo Jovem;1ª;2003;Físico;8572722285;Terminal - Sophia Biblioteca Web (bn.gov.br);pt-BR;;Infantojuvenil;32p;;MUNDURUKU, Daniel. As peripécias do Jabuti. São Paulo: Mercuryo Jovem, 2007.;https://m.media-amazon.com/images/I/81ludtrrsiL._SL1500_.jpg;indigena
"""Histórias que eu ouvi e gosto de contar""";;Daniel Munduruku;Rosinha Campos;"Culturas indígenas; lendas indígenas; nações indígenas";Na obra, o autor fala de histórias que marcaram sua vida: a cultura, os conhecimentos e as experiências de nações indígenas, entremeadas com lendas como de Matinta Perera e a do Boto Tucuxi.;;Callis;1ª;2004;Físico;8574162264;Terminal - Sophia Biblioteca Web (bn.gov.br);pt-BR;;Juvenil;41p;;MUNDURUKU, Daniel. Histórias que eu ouvi e gosto de contar. São Paulo: Callis, 2004.;https://m.media-amazon.com/images/I/71o1mJO9hPL._SL1150_.jpg;indigena
"""Contos indígenas brasileiros""";;Daniel Munduruku;Rogério Borges;"Culturas indígenas; contos indígenas; mitologias";São oitos contos de diferentes etnias indígenas (Mukurku, Guarani, Nambikwara, Karajá, Terena, Kaigang, Tukano, Taulipang), nos quais os mais velhos usam a mitologia para explicar o que tem guiado a sabedoria ancestral desses povos;;Global;2ª;2004;Físico;8526009362;Terminal - Sophia Biblioteca Web (bn.gov.br);pt-BR;;Juvenil;63p;;MUNDURUKU, Daniel. Contos indígenas brasileiros.São Paulo: Global, 2005.;https://m.media-amazon.com/images/I/9125FOcZyzL._SL1500_.jpg;indigena
"""Sabedoria das águas""";;Daniel Munduruku;Fernando Vilela;"Culturas indígenas; fábulas";É a história de Koru que, numa caçada, viveu a estranha experiência de bichos que começaram a conversar em uma língua estranha. Ao voltar da floresta, quase ninguém acreditou no que ele falava. Humilhado, partiu em busca de respostas para o seu tormento.;;Global;1ª;2004;Físico;8526008943;Terminal - Sophia Biblioteca Web (bn.gov.br);pt-BR;;Infantojuvenil;31p;;MUNDURUKU, Daniel. Sabedoria das águas. São Paulo: Global, 2004.;https://m.media-amazon.com/images/I/81XHUT0ucgL._SL1500_.jpg;indigena
"""Caçadores de aventura""";;Daniel Munduruku;Inez Martins;"Culturas indígenas; aventuras na floresta";Uma brincadeira diferente faz com que cinco curumins se percam na floresta. Agora eles terão que passar a noite longe de seus pais e expostos a todo tipo de perigo. Será que eles conseguem retornar, sem a ajuda dos adultos?;Coleção: Crônicas;Caramelo;1ª;2006;Físico;8573404698;Terminal - Sophia Biblioteca Web (bn.gov.br);pt-BR;;Infantojuvenil;32p;;MUNDURUKU, Daniel. Caçadores de aventura.São Paulo: Caramelo, 2006.;https://m.media-amazon.com/images/I/81QNCF5-78L._SL1500_.jpg;indigena
"""Parece que foi ontem: Kapusu aco'i juk""";;Daniel Munduruku;"Maurício Negro; tradução Jairo Alves Torres Munduruku";"Culturas indígenas; elementos sagrados; saberes ancestrais";Em volta da fogueira, o pajé fala da sacralidade dos elementos sagrados para o povos indígenas: a água, o fogo, o ar e a terra. A presença dos guerreiros e, dos que se foram, é sentida e reverenciada, como se fosse ontem.;;Global;1ª;2006;Físico;8526011189;Terminal - Sophia Biblioteca Web (bn.gov.br);pt-BR;;Infantojuvenil;16p;;MUNDURUKU, Daniel. Parece que foi ontem: Kapusu aco'i juk.São Paulo: Global, 2006.;https://m.media-amazon.com/images/I/91A2JbfXlaL._SL1500_.jpg;indigena
"""Antologia de contos indígenas de ensinamentos: tempo de histórias""";;Daniel Munduruku;Heloisa Prieto;"Culturas indígenas; saberes ancestrais; contos indígenas";Nessa antologia de contos, o autor fala sobre o tempo, o tempo sagrado, de ser indígena. O tempo de mudança, de aprendizado, de escuta, daquele que nos escapa, a cada momento, e nos deixa, às vezes, vazios, mas também à espera do novo, da conquista, da vitória. ;Série: Lendo e relendo;Salamandra;1ª;2005;Físico;8516047628;Terminal - Sophia Biblioteca Web (bn.gov.br);pt-BR;;Juvenil;87p;;MUNDURUKU, Daniel. Antologia de contos indígenas de ensinamentos: tempo de histórias. São Paulo: Salamandra, 2005.;https://m.media-amazon.com/images/I/51IOMUPv5CL._SL1000_.jpg;indigena
"""A primeira estrela que vejo é a estrela do meu desejo: e outras histórias indígenas de amor ";;Daniel Munduruku;Maurício Negro;"Culturas indígenas; amor; contos";Fala de cinco histórias de amor a partir de narrativas indígenas que falam desse sentimento a alguém e do amor à comunidade;Coleçâo: Antologia dos mitos indígenas;Global;1ª;2007;Físico;9788526012103;https://acervo.bn.gov.br/sophia_web/acervo/detalhe/185857?guid=1725548408245&returnUrl=%2fsophia_web%2fresultado%2flistar%3fguid%3d1725548408245%26quantidadePaginas%3d1;pt-BR;;Infantojuvenil;48p;;MUNDURUKU, Daniel. A primeira estrela que vejo é a estrela do meu desejo: e outras histórias indígenas de amor. São Paulo: Global, 2007.;https://www.livrariamaraca.com.br/wp-content/uploads/2018/11/daniel-munduruku-primeira-estrela-vejo-desejo.png;indigena
"""O homem que roubava horas""";;Daniel Munduruku;Janaina Tokitaka ;"Culturas indígenas; sabedoria; tempo";É a a história de um homem sem nome, sem casa, que morava com um monte de cachorros. Ele tinha uma personalidade tão peculiar que mudou a forma das pessoas se relacionarem com o tempo e consigo mesmas;;Brinque-Book;1ª;2007;Físico;9788574121741;Terminal - Sophia Biblioteca Web (bn.gov.br);pt-BR;;Infantojuvenil;28p;;MUNDURUKU, Daniel.O homem que roubava horas. São Paulo: Brinque-Book, 2007.;https://m.media-amazon.com/images/I/91-6-5cty6L._SL1500_.jpg;indigena
"""As fabulosas fábulas de Lauaretê""";;Kaka Werá Jecupé  ;Sawara;"Culturas indígenas; fábulas; cultura Guarani";As fabulosas fábulas de Iauaretê conta os melhores momentos de uma das mais divertidas lendas do ideário Guarani: as aventuras da onça Lauaretê, que virou gente, e de seus filhos, Juruá e Iauaretê-mirim;;Peirópolis;1ª;2007;Físico;9788575960981;Terminal - Sophia Biblioteca Web (bn.gov.br);pt-BR;;Juvenil;98p;;" JECUPÉ, Kaka Werá. As fabulosas fábulas de Iauaretê. São Paulo: Editora Peirópolis, 2007.

";https://m.media-amazon.com/images/I/81AFvPY1q8L._SL1317_.jpg;indigena
"""Kurumi Guaré no coração da Amazônia""";;Yaguarê Yamã;Yaguarê Yamã;"Culturas indígenas; Amazônia; rituais indígenas; sabedoria ancestral";À beira do paraná do Urariá, o pequeno Yaguarê Yamã aprende a viver em contato com a natureza exuberante, intocada, preservada. As histórias que ouve dão medo na hora de dormir, mas o kurumi segue as tradições de seu povo, enfrenta o ritual da tukãdera e vai crescendo em tamanho e sabedoria.;;FTD;1ª;2007;Físico;9788532262189;Terminal - Sophia Biblioteca Web (bn.gov.br);pt-BR;;Juvenil;81p;;YAMÃ, Yaguarê. Kurumi Guaré no coração da Amazônia. São Paulo: FTD, 2007.;https://m.media-amazon.com/images/I/61Fi+fLCPZL._SL1200_.jpg;indigena
"""Sehaypóri: o livro sagrado do povo saterê-Mawé"" ";;Yaguarê Yamã;;"Culturas indígenas; nação Saterê-Mawê; lendas e fábulas indígenas";O livro é uma homenagem aos pajés da nação Saterê-Mawê, que buscam no espírito natural a resposta para as dúvidas da alma. As lendas e fábulas de animais reunidas na obra ensinam a origem das coisas, apresentando ao leitor a cultura e o imaginário desta etnia.;"Selecionado para o Programa Nacional Biblioteca na Escola (PNBE) - 2009. Selecionado para o Catálogo White Ravens, publicação da IJB - Internationale Jugendbibliothek - a maior biblioteca de literatura infantil e juvenil do mundo (Munique, Alemanha) - 2008. Selecionado para o Catálogo de Bolonha / Categoria Reconto - FNLIJ´s selection 45ª Bologna Children\'s Book Fair 2008.
";Peirópolis;1ª;2007;Físico;9788575960776;Terminal - Sophia Biblioteca Web (bn.gov.br);pt-BR;;Juvenil;160p;;YAMÃ, Yaguarê. Sehaypóri: o livro sagrado do povo saterê-Mawé. São Paulo: Editora Peirópolis, 2007.;https://m.media-amazon.com/images/I/61gNdJ9ZfkL._SL1317_.jpg;indigena
"""As pegadas do curupyra""";;Yaguarê Yamã;Uziel Guaynê Oliveira ;"Culturas indígenas; Curupira; lendas indígenas";Fala do encontro de dois seres bem diferentes. Tuim, o indiozinho e Kurukawa, o kurupyra, que perseguia os que maltratavam a natureza. Entre eles, um ponto em comum - ambos queriam encontrar um amigo. ;;Mercuryo Jovem;1ª;2008;Físico;978-8572722445;As Pegadas do Curupyra | Amazon.com.br;pt-BR;;Juvenil;40p;;YAMÃ, Yaguarê. As pegadas do curupyra. São Paulo: Mercuryo Jovem, 2005.;https://m.media-amazon.com/images/I/61j7V3aDgmL._SL1000_.jpg;indigena
"""A palavra do grande chefe""";;Daniel Munduruku;Maurício Negro;"Culturas indígenas; Chefe Seattle; sabedoria ancestral";"Trata-se de uma adaptação livre, poética e ilustrada do discurso, de 1854, do líder indígena norte-americano Noah Sealth, mais conhecido como Chefe Seattle, ao Presidente dos EUA, George Washington.

";;Global;1ª;2008;Físico;9788526012967;Terminal - Sophia Biblioteca Web (bn.gov.br);pt-BR;;Juvenil;32p;;MUNDURUKU, Daniel. A palavra do grande chefe. São Paulo: Global, 2008.;https://m.media-amazon.com/images/I/81qVsmmIbHL._SL1145_.jpg;indigena
"""Outras tantas histórias indígenas de origem das coisas e e do universo""";;Daniel Munduruku;Maurício Negro;"Culturas indígenas; mitologia indígena; povo Tariano; povo Bororo; povo Aruá; povo Kaiapó";"São quatro quatro histórias recontadas pelo autor. Duas tratam da origem do fogo, uma do mito do povo Tariano, do Amazonas, e outra do mito do povo Bororo, de Mato Grosso; uma terceira sobre a origem do Universo, mito do povo Aruá, habitante da região de Rondônia, e uma quarta sobre a origem do povo Kaiapó, habitante da região do Pará. ";Coleção: Antologia dos mitos indígenas;Global;1ª;2008;Físico;9788526012561;Terminal - Sophia Biblioteca Web (bn.gov.br);pt-BR;;Infantojuvenil;48p;;MUNDURUKU, Daniel. Outras tantas histórias indígenas de origem das coisas e e do universo.São Paulo: Global, 2008.;https://m.media-amazon.com/images/I/81npcSDC5TL._SL1279_.jpg;indigena
"""Todas as coisas são pequenas""";;Daniel Munduruku;;"Culturas indígenas;  Floresta Amazônica; saberes ancestrais";Um acidente na Floresta Amazônica muda drasticamente a vida de Carlos. Enfrentado seus medos mais ocultos e convivendo de perto com as forças da natureza, ele passa a rever seus valores e crenças e a refletir sobre os possíveis caminhos da humanidade “civilizada”.;;Arx;1ª;2008;Físico;9788575812914;Terminal - Sophia Biblioteca Web (bn.gov.br);pt-BR;;Juvenil;72p;;MUNDURUKU, Daniel. Todas as coisas são pequenas.São Paulo: Arx, 2008.;https://m.media-amazon.com/images/I/51T21bXDzAL._SL1200_.jpg;indigena
"""A invensão do mundo pelo Deus-Curumim""";;Braulio Tavarez;Fernando Vilela;"Culturas indígenas; mitos indígenas";Inspirados em mitos indígenas sobre a criação do mundo, autor e ilustrador juntaram seus talentos para contar esta fábula misteriosa sobre a relação entre a linguagem e o mundo, e na qual as Letras são personagens.;;Editora 34;2ª;2012;Físico;978-8573263992;A invenção do mundo pelo Deus-curumim | Amazon.com.br;pt-BR;;Infantojuvenil;48p;;TAVAREZ, Braulio. A invensão do mundo pelo Deus-Curumim. São Paulo: Editora 34, 2012.;https://m.media-amazon.com/images/I/61Agt3OONkL._SL1400_.jpg;indigena
"""A criação do mundo e outras lendas da Amazônia""";;Vera do Val ;Valério Geraldo;"Culturas indígenas; lendas da Amazônia";São contos que falam das origens - da noite, das estrelas, da lua, dos rios, do mundo e, que compõem este livro.;;Martins Fontes;1ª;2008;Físico;9788578270315;Terminal - Sophia Biblioteca Web (bn.gov.br);pt-BR;;Infantojuvenil;48p;;VAL, Vera. A criação do mundo e outras lendas da Amazônia. São Paulo: WMF Martins Fontes, 2008.;https://m.media-amazon.com/images/I/71If8eTK77L._SL1072_.jpg;indigena
"""A onça e o fogo""";;"
Cristiano Wapichana";"Coordenação de Daniel Munduruku ; ilustrações de Helton Faustino";"Culturas indígenas; lendas indígenas";Este livro fala de uma lenda indígena que narra o duelo travado entre a onça e o fogo, em um tempo fantástico cheio de perigos e aventuras.;;Amarilys;1ª;2009;Físico;9788520428894;Terminal - Sophia Biblioteca Web (bn.gov.br);pt-BR;;Infantojuvenil;60p;;WAPICHANA,Cristiano. A onça e o fogo. Barueri, SP: Amarilys, 2009.;https://m.media-amazon.com/images/I/71xuCi970WL._SL1000_.jpg;indigena
A caveira-rolante, a mulher-lesma e outras histórias indígenas de assustar;;Daniel Munduruku;Maurício Negro;"Culturas indígenas; memórias ancestrais; histórias de asssustar";Falam de histórias assustadoras, geralmente narradas pelos guardiões da memória dos povos indígenas, mas que não se tratam de narrativas apenas para amedontrar crianças e jovens. Também são formas de ensinamento com os quais vão nos lembrando que não estamos sozinhos no mundo, permitindo uma reflexão sobre a relação do homem com os outros seres da natureza.;Coleçâo: Antologia dos mitos indígenas;Global;1ª;2010;Físico;9788526013896;https://acervo.bn.gov.br/sophia_web/acervo/detalhe/276692?guid=1725578093776&returnUrl=%2fsophia_web%2fresultado%2flistar%3fguid%3d17255;pt-BR;;Juvenil;48p;;MUNDURUKU, Daniel. A caveira-rolante, a mulher-lesma e outras histórias indígenas de assustar. São Paulo: Global, 2010.;https://m.media-amazon.com/images/I/91eIg+5QunL._SL1278_.jpg;indigena
"""Histórias que eu vivi e gosto de contar""";;Daniel Munduruku;Rosinha campos;"Culturas indígenas; mitologia indígena; criação do mundo";O autor Daniel Munduruku reconta várias histórias que leu e que gostou, entre elas, a da criação do mundo.;;Callis;1ª;2006;Físico;8574162604;Terminal - Sophia Biblioteca Web (bn.gov.br);pt-BR;;Infantojuvenil;16p;;MUNDURUKU, Daniel. Histórias que eu vivi e gosto de contar. São Paulo: Callis, 2006.;https://m.media-amazon.com/images/I/71Z7XT-1pFL._SL1150_.jpg;indigena
"""Como surgiu: Mitos indígenas brasileiros""";;Daniel Munduruku;Rosinha Campos;"Culturas indígenas; mitologia indígena;  povo Apinajé;  povo Tembé;  povo Caiapó";"São três mitos: a origem do milho, do povo Apinajé; a origem da mandioca, do povo Tembé; a origem do fogo, do povo Caiapó. Acompanha glossários com dados demográficos das etnias.";;Callis;1ª;2011;Físico;978-8574165905;Como Surgiu: Mitos Indígenas Brasileiros | Amazon.com.br;pt-BR;;Infantojuvenil;32p;;MUNDURUKU, Daniel.Como surgiu:Mitos indígenas brasileiros. São Paulo:Callis, 2011.;https://m.media-amazon.com/images/I/81jwjPmlqLL._SL1500_.jpg;indigena
"""Coisas de onça""";;Daniel Munduruku;Ciça Fittipaldi;"Culturas indígenas; fábulas indígenas";São quatro fábulas que ensinam como sobreviver na natureza. Como exemplo a onça, símbolo da força e coragem, se vê desafiada por pequenos animais que também criam suas estratégias, por meio da ousadia e astúcia, para sobreviver na floresta.;Coleção Fábulas de ontem à noite;Mercuryo Jovem;1ª;2011;Físico;9788572722902;Terminal - Sophia Biblioteca Web (bn.gov.br);pt-BR;;Juvenil;40p;;MUNDURUKU, Daniel. Coisas de onça. São Paulo: Mercuryo Jovem, 2011.;https://m.media-amazon.com/images/I/51UHCSe7LOL._SL1000_.jpg;indigena
"""O sinal do pajé""";;Daniel Munduruku;Maria do Rosário Ferreira de Souza;"Culturas indígenas; iniciação dos jovens";Nas aldeias indígenas brasileiras, é costume que os garotos prestes a entrar na fase adulta, sejam introduzidos à “casa dos homens” por um rito de passagem que inaugura essa nova fase. O pajé e os velhos dizem-lhes que é preciso continuar acreditando na Tradição, para manter viva uma cultura.;Premiações: Altamente recomendável pela FNLIJ.;Peirópolis;1ª;2003;Físico;8575960067;Terminal - Sophia Biblioteca Web (bn.gov.br);pt-BR;;Juvenil;67p;;"MUNDURUKU, Daniel. O sinal do pajé. São Paulo; Guarulhos, SP : Editora Peirópolis: Palavra de Índio, 2003.";https://m.media-amazon.com/images/I/81nb9TCIlWL._SL1500_.jpg;indigena
"""Tekoa: conhecendo uma aldeia indígena""";;Olivio Jekupé;Maurício Negro;"Culturas indígenas; povo tupi-guarani";Narra a história de Carlos, um menino da cidade que escolhe passar suas férias na aldeia Tekoa, do povo tupi-guarani. Para o menino, o período de convivência com os indígenas foi uma grande experiência;Série: Muiraquitãs;Global;1ª;2011;Físico;9788526015418;Terminal - Sophia Biblioteca Web (bn.gov.br);pt-BR;;Juvenil;32p;;JEKUPÉ, Olivio. Tekoa: conhecendo uma aldeia indígena. São Paulo: Global, 2011.;https://m.media-amazon.com/images/I/81VsPuodGUL._SL1292_.jpg;indigena
"""Vozes da floresta: lendas indígenas""";;Celso Sisto;Mateus Rios;Culturas indígenas;Esta obra fala de lendas indígenas de diferentes origens, revelando não apenas seu conteúdo poético e mítico, como também a força das representações da natureza de nosso território-nação.;;Cortez;1ª;2011;Físico;9788524918261;Terminal - Sophia Biblioteca Web (bn.gov.br);pt-BR;;Juvenil;60p;;SISTO,Celso.Vozes da floresta: lendas indígenas.São Paulo : Melhoramentos, 2012.;https://m.media-amazon.com/images/I/61zio8g2phL._SL1080_.jpg;indigena
"""Um dia na aldeia: uma história munduruku""";;Daniel Munduruku;Maurício Negro;Culturas indígenas;Fala de um dia na vida de um menino indígena da tribo Munduruku: o que ele faz durante o dia, como brinca com os amigos, como caça, pesca e ainda como se relaciona com os outros membros da tribo.;Apresenta um glossário e mostra algumas curiosidades dessa etnia.;Melhoramentos;1ª;2012;Físico;9788506008553;Terminal - Sophia Biblioteca Web (bn.gov.br);pt-BR;;Infantojuvenil;32p;;MUNDURUKU,Daniel.Um dia na aldeia : uma história munduruku.São Paulo : Melhoramentos, 2012.;https://m.media-amazon.com/images/I/A1GWrKOqm9S._SL1500_.jpg;indigena
"""Falando Tupi""";;Yaguarê Yamã ;Geraldo Valério;"Culturas indígenas; palavras de origem tupi";Uma forma divertida de apresentar às crianças um pouco da origem das palavras faladas e escritas pelo nosso povo, de origem tupi.;;Pallas;1ª;2012;Físico;9788534704830;Terminal - Sophia Biblioteca Web (bn.gov.br);pt-BR;;Infantojuvenil;44p;;YAMÃ, Yaguarê. Falando Tupi.São Paulo : Melhoramentos, 2012.;https://m.media-amazon.com/images/I/81MzYnDvxkL._SL1500_.jpg;indigena
"""Contos da floresta""";;Yaguarê Yamã ;Luana Geiger;"Culturas indígenas; povo Maraguá; histórias de assombração";O autor recria mitos e lendas do povo indígena Maraguá, conhecido na região do Baixo-Amazonas como “o povo das histórias de assombração;Prêmio: Catálogo de Bologna. Acompanha posfácio sobre a cultura dos povos de que descende Yaguarê e uma entrevista com o autor.;Peirópolis;1ª;2012;Físico;9788575961339;Terminal - Sophia Biblioteca Web (bn.gov.br);pt-BR;;Infantojuvenil;64p;;YAMÃ, Yaguarê. Contos da floresta.São Paulo : Editora Peirópolis, 2012.;https://m.media-amazon.com/images/I/81Tt7TYNzsL._SL1318_.jpg;indigena
"""Um curumim, uma canoa""";;Yaguarê Yamã ;Simone Matias;"Culturas indígenas; aventuras infantis";A história é de Aguiry, um curumim que se prepara para uma grande aventura com sua canoa, que juntos desbravam os sonhos de uma criança.;;Zit;1ª;2012;Físico;9788579330483;Terminal - Sophia Biblioteca Web (bn.gov.br);pt-BR;;Infantojuvenil;36p;;YAMÃ, Yaguarê.Um curumim, uma canoa. Rio de Janeiro: Zit, 2012.;https://m.media-amazon.com/images/I/61b4Vl53NyL._SL1096_.jpg;indigena
"""Yaguarãboia: a mulher onça"" ";;Yaguarê Yamã ;Maurício Negro;"Culturas indígenas; mitologia; Yaguarãboia; povo Maraguá";Yaguarê Yamã narra o mito maraguá sobre o surgimento de um animal mitológico chamado Yaguarãboia.;;Leya;1ª;2012;Físico;978-8580447279;Yaguarãboia. A Mulher Onça | Amazon.com.br;pt-BR;;Infantojuvenil;32p;;YAMÃ,Yaguarê. Yaguarãboia: a mulher onça. São Paulo: Leya, 2012.;https://m.media-amazon.com/images/I/61JcIm9CfkL._SL1000_.jpg;indigena
"""A origem do beija-flor: guanãby muru-gáwa"" ";;Yaguarê Yamã ;Taisa Borges;"Culturas indígenas; mitologia indígena; povo Maraguá; vale do rio Abacaxis";Neste livro, Yaguarê Yamâ conta o mito de origem do beija-flor, que vive  na memória dos antigos pajés do povo Maraguá, habitante do vale do rio Abacaxis, no Estado do Amazonas. A história é apresentada em português e em maraguá.;Prêmio: Catálogo de Bologna. Coleção Peirópolis Mundo ;Peirópolis;1ª;2012;Físico;9788575962466;Terminal - Sophia Biblioteca Web (bn.gov.br);pt-BR;;Infantojuvenil;36p;;YAMÃ, Yaguarê. A origem do beija-flor : guañaby muru-gáwa. São Paulo: Editora Peirópolis, 2012.;https://m.media-amazon.com/images/I/61oOLYsBvaL._SL1000_.jpg;indigena
"""A árvore de tamoromu"" ";;Ana Luísa Lacombe;Fernando Vilela ;Culturas indígenas;É a história do mito dos Wapixana, a árvore de Tamoromu, na qual uma cotia encontrou grande quantidade e diversidade de alimentos. Os índios ficaram com inveja dela, que comia demais. Eles descobriram o segredo da cutia e decidiram dar um fim na boa vida dela. Mas o que eles não esperavam é que o deus Tominikare ficaria muito bravo com isso e lançaria um castigo para a tribo.;Prêmio: FNLIJ 2014 Catergoria: reconto.;Formato;1ª;2013;Físico;978-8572088466;A árvore de tamoromu | Amazon.com.br;pt-BR;;Infantojuvenil;24p;;LACOMBE,Ana Luísa.A árvore de tamoromu.São Paulo:Fprmato,2013.;https://m.media-amazon.com/images/I/71H2UF4alVL._SL1500_.jpg;indigena
"""Formigueiro de Myrakãwéra"" ";;Yaguarê Yamã ;Uziel Guaynê Oliveira ;"Culturas indígenas; mitologia indígena; fábulas; povo Wapixana";Essa é a história de Myrakãwéra, uma lenda dos parintins e dos maraguás, povos indígenas do Amazonas, onde são apresentadas aventuras dos curumins Ãgnáw e Ãgapany na região amaldiçoada de Myrakãwéra. Ninguém está a salvo dos temidos mortos-vivos e das formigas gigantes que aterrorizam o lugar.;Prêmios e Seleções: Catálogo Bolonha-FNLIJ 2014. Acervo Básico FNLIJ 2014;Biruta;1ª;2013;Físico;978-8578481087;Formigueiro de Myrakãwéra | Amazon.com.br;pt-BR;;Infantojuvenil;56p;;YAMÃ,Yaguarê. Formigueiro de Myrakãwéra. São Paulo: Biruta, 2013.;https://m.media-amazon.com/images/I/A1S-HYsNdEL._SL1500_.jpg;indigena
"""Histórias do Xingu""";;"Orlando Villas Boas; Claudio Villas Boas";Rosinha;"Culturas indígenas; histórias indígenas; Xingu; irmãos Villas Bôas";São histórias que compõem o imaginário indígena da região do Xingu, obra na qual também se aprende sobre o parque nacional e a importância dos irmãos Villas Bôas para a história de nosso país.;;Companhia das Letrinhas;1ª;2013;Físico;9788574065656;Terminal - Sophia Biblioteca Web (bn.gov.br);pt-BR;;Infantojuvenil;56p;;"BOAS; Orlando Villas; BOAS,Claudio Villas. Histórias do Xingu. São Paulo: Companhia das Letrinhas, 2013.";https://m.media-amazon.com/images/I/A1RIoQvBDtL._SL1500_.jpg;indigena
"""Morõgetá witã: oito contos mágicos"" ";;Yaguarê Yamã ;Catarina Bessell;"Culturas indígenas; contos indígenas; povo Maraguá; rio Abacaxi";São oito contos da tradição do povo Maraguá, que vive à beira do rio Abacaxis, no estado do Amazonas.;;Positivo;1ª;2014;Físico;9788538584575;Terminal - Sophia Biblioteca Web (bn.gov.br);pt-BR;;Infantojuvenil;45p;;YAMÃ,Yaguarê.Morõgetá witã: oito contos mágicos. Curitiba: Editora Positivo, 2014.;https://m.media-amazon.com/images/I/A1K+IAB4XlL._SL1500_.jpg;indigena
"""Catando piolhos, contando histórias"" ";;Daniel Munduruku;Maté;"Culturas indígenas; ancestralidade indígena; infância; cultura Munduruku";São memórias de infância de um menino indígena que nos fala das tradições de seu povo Munduruku transmitidas pela narrativa oral nos momentos felizes quando, sentado na aldeia, no colo dos mais velhos ou ao pé da fogueira, ouvia histórias enquanto eles catavam piolhos em seus cabelos e lhe faziam carinhos na cabeça.;;Escarlate;1ª;2006;Físico;8574121452;Terminal - Sophia Biblioteca Web (bn.gov.br);pt-BR;;Infantojuvenil;48p;;MUNDURUKU, Daniel. Catando piolhos, contando histórias. São Paulo: Escarlate, 2006.;https://m.media-amazon.com/images/I/81rIC-uagGL._SL1500_.jpg;indigena
"""Japii e Jakãmi. Uma história de amizade"" ";;Yaguarê Yamã ;Walther Moreira ;"Culturas indígenas; histórias; línguas indígenas ";Nesta obra o leitor entra em contato com verdades profundas, como a do despertar da compaixão, a solidariedade verdadeira e de sábias existências. Apresenta o vocabulário das línguas praticadas no Brasil, a diversidade dos pássaros, plantas e histórias;;Leya;1ª;2014;Físico;978-8581815947;Japii e Jakãmi. Uma História de Amizade | Amazon.com.br;pt-BR;;Infantojuvenil;56p;;YAMÃ, Yaguarê. Japii e Jakãmi. Uma história de amizade.São Paulo: Leya,2014.;https://m.media-amazon.com/images/I/51Tj1aBb5mL._SL1000_.jpg;indigena
"""Vó coruja""";;"Daniel Munduruku; Heloisa Prieto";Daniel Kondo;"Culturas indígenas; tradição indígena; saberes ancestrais";Dona Irani fez uma festa de aniversário na aldeia, com direito a bolo, vela e “parabéns”, que seus netos tanto gostavam e que haviam aprendido na cidade. Mas a estrela da festa foi a avó coruja e as aventuras que Dona Irani narrou, mostrando que os segredos da tradição ainda tinham o poder de unir a todos;;Companhia das Letrinhas;1ª;2014;Físico;978-8574066318;Vó coruja | Amazon.com.br;pt-BR;;Infantojuvenil;36p;;"MUNDURUKU, Daniel; PRIETO, Heloisa.Vó coruja. São Paulo: Companhia das Letrinhas, 2014.";https://m.media-amazon.com/images/I/91+Ux8QPCrS._SL1500_.jpg;indigena
"""Puratig: o remo sagrado""";;Yaguarê Yamã;"Queila Glória; Yaguarê Yamã e crinaças saterê Mawé  ";"Culturas indígenas; povo Saterê Mawé; mito do guaraná";"Fala do mito do guaraná, contado pela voz de um índio do povo Saterê Mawé, conhecido como ""povo do guaraná"", ao qual se juntam mais sete histórias que compõem a tradição ancestral dos índios que ocupam atualmente uma faixa demarcada pela Funai, situada nos Estados do Amazonas e do Pará.";Coleção Memórias Ancestrais;Peirópolis;1ª;2009;Físico;9788585663636;Terminal - Sophia Biblioteca Web (bn.gov.br);pt-BR;;Infantojuvenil;48p;;YAMÃ, Yaguarê. Puratig: o remo sagrado. São Paulo: Editora Peirópolis, 2009.;https://m.media-amazon.com/images/I/81oS2kOa-bL._SL1231_.jpg;indigena
"""Irakisu: o menino criador"" ";;Renê Kithãulu ;Renê Kithãulu e crianças Nambikwara ;"Culturas indígenas; etnia Waikutesu; povo Nambikwara; mitologia da criação ";Renê KithãulU, indígena da etnia Waikutesu dos Nambikwara, que moram em sua maioria no Estado do Mato Grosso e em uma pequena parte do estado de Rondônia, conta o mito de criação de seu povo, além das histórias narradas às crianças da tribo pelos mais velhos, no finzinho da tarde em volta da fogueira.;Coleção Memórias Ancestrais;Peirópolis;1ª;2000;Físico;8585663731;Terminal - Sophia Biblioteca Web (bn.gov.br);pt-BR;;Infantojuvenil;45p;;KITHÃULU,Renê. Irakisu: o menino criador. São Paulo: Editora Peirópolis, 2002.;https://m.media-amazon.com/images/I/91MZXW+dMvL._SL1500_.jpg;indigena
"""Foi vovó que disse""";;Daniel Munduruku ;Graça Lima;"Culturas indígenas; sabedoria ancestral; histórias do povo Munduruku";A partir das histórias contadas pelos mais velhos, guardiões do conhecimento, o menino Kaxiborempô leva o leitor por um passeio pela floresta e pela cultura de seu povo;Selecionado pelo Catálogo FNLIJ para Feira de Bolonha (2015) / Acervo Básico FNLIJ (2014/2015);Edelbra;2ª;2015;Físico;978-85-66470-87-1;Pequeno conto baseado na cultura indígena munduruku que trata do respe - Loja Virtual Edelbra Editora;pt-BR;;Infantojuvenil;24p;;MUNDURUKU,Daniel.Foi vovó que disse. RS: Edelbra, 2015.;https://m.media-amazon.com/images/I/A1dfK2lX9BL._SL1500_.jpg;indigena
"""O tupi que você fala""";;Claudio Fragata;Maurício Negro;"Culturas indígenas; línguas indígenas; tupi-guarani";Neste livro, as crianças descobrirão que vários alimentos, animais e plantas têm nomes dados pelos índios.;;Globinho;1ª;2015;Físico;9788525059642;Terminal - Sophia Biblioteca Web (bn.gov.br);pt-BR;;Infantojuvenil;29p;;FRAGATA,Claudio. O tupi que você fala.São Paulo: Globinho, 2015.;https://m.media-amazon.com/images/I/8101XcXQJUL._SL1360_.jpg;indigena
"""Menina Japinim""";;Ana Miranda;Ana Miranda;"Culturas indígenas; povo Kaxinauá; povo Ashaninka; aventura";Através da uma voz totalmente original, inspirada nos povos Kaxinauá e Ashaninka, Ana Miranda conta a história de uma menina indígena que um dia se esconde no barco de um regatão e conhece a vida em uma aldeia católica.;;Companhia das Letrinhas;1ª;2015;Físico;978-85-7406-668-4;Menina Japinim - Ana Miranda - Grupo Companhia das Letras;pt-BR;;Infantojuvenil;64p;;MIRANDA, Ana. Menina Japinim.São Paulo: Companhia das letrinhas, 2015.;https://cdl-static.s3-sa-east-1.amazonaws.com/covers/gg/9788574066684/menina-japinim.jpg;indigena
"""Wahtirã: a lagoa dos mortos"" ";;"Daniel Munduruku; Jaime Diakara ";Maurício Negro;"Culturas indígenas; lendas indígenas; contos de assombração";Fala da história da Lagoa dos Mortos, de assustar, mas que guarda o conhecimento dos antigos, devendo ser ouvir com atenção, respeito e guardá-la dentro do coração;Prêmio: Vencedor do 10º Concurso Tamoios de textos de escritores indígenas, criado pela Fundação Nacional do Livro Infantil e Juvenil (FNLIJ) em parceria com o Instituto UKA.;Autêntica;1ª;2016;Físico;9788582179802;Terminal - Sophia Biblioteca Web (bn.gov.br);pt-BR;;Infantojuvenil;32p;;" DIAKARA, Jaime; MUNDURUKU, Daniel. Wahtirã: a lagoa dos mortos. Belo Horizonte: Autêntica, 2016.";https://m.media-amazon.com/images/I/91M0hV0ziRL._SL1500_.jpg;indigena
"""Vozes ancestrais: dez contos indígenas""";;Daniel Munduruku;;Culturas indígenas;O autor procurou indígenas de dez povos do território brasileiro e coletou os contos tradicionais que foram transcritos nesta obra;Prêmio: 2º lugar Prêmio Jabuti 2017. Categoria Juvenil. Prêmio FNLIJ 2017 – Categoria Reconto. Incluí glossário;FTD;1ª;2016;Físico;9788596005463;Terminal - Sophia Biblioteca Web (bn.gov.br);pt-BR;;Juvenil;79p;;MUNDURUKU,Daniel.Vozes ancestrais: dez contos indígenas.São Paulo : FTD, 2016.;https://m.media-amazon.com/images/I/81+t+C3WiJL._SL1360_.jpg;indigena
"""Memória de Indio- uma quase autobiografia"" ";;Daniel Munduruku ;Rita Carelli;Culturas indígenas;Em breves crônicas, (quase) verdade, Daniel Munduruku fala de suas memórias e aprendizados da infância, os anos no seminário, a descoberta do amor e de si enquanto escritor;;Edelbra;1ª;2016;Físico;978-85-5590-016-7;Literatura Juvenil - Memórias de Índio - Loja Virtual Edelbra Editora;pt-BR;;Juvenil;216p;;MUNDURUKU,Daniel.Memória de Indio- uma quase autobiografia;https://m.media-amazon.com/images/I/71o2aYvrFrL._SL1500_.jpg;indigena
"""A boca da noite""";;Cristiano Wapichana;Graça Lima;"Culturas indígenas; povo Wapichana; contos de assombração";História de dois irmãos, Dum e Kupai, contra o desconhecido em uma aldeia cheia de mistérios. Após subirem a Laje do Trovão, os garotos ainda tiveram que ir dormir depois da história que seu pai contou sobre a Boca da Noite. Um livro que conta um pouco da infância, da família, do cotidiano e da criatividade do povo Wapichana.;Prêmios: 3º lugar Prêmio Jabuti 2017 - Categoria Infantil. FNLIJ – 2017 – Categoria Criança;Zit;1ª;2016;Físico;978-8579331077;A Boca da Noite | Grupo Editorial Zit | Loja Oficial;pt-BR;;Infantojuvenil;40p;;WAPICHANA, Cristiano. A boca da noite. Rio de Janeiro: Zit,2016.;https://m.media-amazon.com/images/I/61rVhbQ9kBL._SL1200_.jpg;indigena
"""Poeminhas da terra""";;Márcia Leite;Tatiana Moes;"Culturas indígenas; costumes; modos de vida; dia-a-dia";Hora de comer, hora de brincar, hora de colher, hora de pescar, hora de festejar, hora de contemplar, hora de compartilhar são alguns dos temas explorados nestes singelos poemas sobre o cotidiano da vida na aldeia daqueles que são os primeiros habitantes do Brasil.;"Prêmios e Seleções: 
Selecionado para a Coleção Itaú Social 2016
Selo Altamente Recomendável FNLIJ 2017
Integrante do Catálogo Brasileiro de Bologna 2017 pela FNLIJ
Distinção Cátedra 10 de Leitura Unesco 2016
Acervo Prefeitura Municipal de Belo Horizonte 2016
";Pulo do Gato;1ª;2016;Físico;9788564974739;Terminal - Sophia Biblioteca Web (bn.gov.br);pt-BR;;Infantojuvenil;32p;;LEITE,MÁRCIA. Poeminhas da terra. São Paulo: Pulo do Gato, 2016.;https://m.media-amazon.com/images/I/916sRSZn-GL._SL1500_.jpg;indigena
"""Cantos da floresta: iniciação ao universo musical indígena""";;"Berenice Almeida; Magda Pucci ";Joana Resek;"Culturas indígenas; música indígena; povo Kambeba; povo Paiter Surui; povo Ikolen Gavião; povo Kaingang; povo Krenak; povo Guarani; povo Xavante; povo Yudjá; povos do rio Negro.";Livro que fala da expressão artística indígena, em especial, a arte oral, que inclui a música. Busca despertar o olhar do educador, especialista ou não, para a diversidade das expressões artísticas entre os povos brasileiros, e entre esses povos e a cultura ocidental dominante. Apresenta diversos aspectos da cultura indígena, com enfoque na diversidade musical de nove grupos indígenas: Kambeba, Paiter Surui, Ikolen Gavião, Kaingang, Krenak, Guarani, Xavante, Yudjá e povos do rio Negro.;Material adicional: CD de áudio + conteúdo complementar digital.Disponível em formato digital nas principais plataformas;Peirópolis;1ª;2017;Físico;978-85-7596-455-2;Cantos da Floresta - Editora Peirópolis (editorapeiropolis.com.br);pt-BR;;Juvenil;336p;;"ALMEIDA, Berenice; PUCCI, Magda.Cantos da floresta: iniciação ao universo musical indígena. São Paulo: Editora Peirópolis, 2017.";https://www.editorapeiropolis.com.br/wp-content/uploads/2018/05/0.jpg;indigena
""" O presente de Jaxy Jaterê""";;Olívio Jekupe;;"Culturas indígenas; lenda indígena; povo Guarani";A jovem indígena Kerexu tinha ouvido dos mais velhos várias histórias de Jaxy Jaterê, o protetor da floresta e uma lenda do povo guarani. Certa noite, a moça adentrou na floresta, realizou um ritual e fez um pedido a ele.;;Banda Books;1ª;2017;Físico;978-85-7888-361-4;O presente de Jaxy Jatere - Panda Books;pt-BR;;Infantojuvenil;32p;;JEKUPE,Olívio. O presente de Jaxy Jaterê São Paulo: Panda Books, 2017.;https://m.media-amazon.com/images/I/7100ajxzs-L._SL1500_.jpg;indigena
"""O Karaíba: uma história do pré-Brasil"" ";;Daniel Munduruku;Maurício Negro;"Culturas indígenas; História do Brasil; conto indígena";Uma história de ficção que reconstitui um pouco da cultura pré-cabralina, a partir da perspectiva do indígena.;Inclui glossário;Amarilys;1ª;2010;Físico;9788520430149;Terminal - Sophia Biblioteca Web (bn.gov.br);pt-BR;;Juvenil;128p;;MUNDURUKU, Daniel. O Karaíba: uma história do pré-Brasil. Barueri, SP: Amarilys, 2010.;https://m.media-amazon.com/images/I/91s-FhOBfbL._SL1500_.jpg;indigena
"""Poemas da minha terra tupi""";;Maté;Maté;"Culturas indígenas; língua tupi; poemas";Poemas da minha terra tupi apresenta o significado de muitas palavras e expressões que usamos no dia a dia, 38 das quais são apresentadas em um glossário, no final do livro;Material de apoio do professor:http://media.brinquebook.com.br/blfa_files/terra_tupi_projeto.pdf.   Inclui glóssario;Brinque-Book;1ª;2018;Físico;9788574125732;Terminal - Sophia Biblioteca Web (bn.gov.br);pt-BR;;Infantojuvenil;26p;;MATÉ. Poemas da minha terra tupi. São Paulo: Brinque-Book, 2018.;https://m.media-amazon.com/images/I/81NHemDuybL._SL1296_.jpg;indigena
"""Nós:uma antologia de literatura indígena""";;Maurício Negro;Maurício Negro;"Culturas indígenas; nações indígenas; contos indígenas";Antologia ilustrada na qual o leitor vai conhecer dez histórias contadas ou recontadas por escritores de diferentes nações indígenas.;Inclui glossário;Cia das Letrinhas;1ª;2019;Físico;9788574068640;Terminal - Sophia Biblioteca Web (bn.gov.br);pt-BR;;Juvenil;128p;;NEGRO, Maurício. Nós:uma antologia de literatura indígena. São Paulo: Brinque-Book, 2019.;https://m.media-amazon.com/images/I/91of9leT2tL._SL1500_.jpg;indigena
"""O onça""";;Daniel Munduruku;Inez Martins;"Culturas indígenas; Mitos indígenas; amizade";Um jovem indígena fica perdido na floresta, preso no alto de uma árvore. Uma onça macho se aproxima e o liberta. 'O onça', então, torna-se seu amigo e ensina a ele muitas coisas importantes que nunca aprendeu em sua tribo.;;Caramelo;1ª;2006;Físico;8573404701;Terminal - Sophia Biblioteca Web (bn.gov.br);pt-BR;;Juvenil;32p;;MUNDURUKU, Daniel. O onça. São Paulo: Caramelo, 2006.;https://m.media-amazon.com/images/I/71UD0lonvrL._SL1003_.jpg;indigena
"""Meu pai Ag'wã: lembranças da casa de conselho"" ";;Yaguarê Yamã;Suryara Bernard;"Culturas indígenas; povo Maraguá; rio Abacaxis; ancestralidade; contos indígenas";São oito contos da tradição do povo Maraguá, que vive à beira do rio Abacaxis, no estado do Amazonas;Inclui glossário.;Scipione;1ª;2014;Físico;8526292633;Terminal - Sophia Biblioteca Web (bn.gov.br);pt-BR;;Infantojuvenil;32p;;YAMÃ, Yaguarê. Meu pai Ag'wã: lembranças da casa de conselho. São Paulo: Scipione, 2014.;https://m.media-amazon.com/images/I/71cnz4PrWvL._SL1279_.jpg;indigena
"""Aldeias, palavras e mundos indígenas""";;Valéria Macedo;Mariana Massarani ;"Culturas indígenas; línguas indígenas; povo Yanomami; povo Krahô; povo Kuikuro; povo Guarani Mbya";Yano, Ëjcre, Üne, Oo, palavras que significam a mesma coisa e representam a língua de quatro povos indígenas diferentes (os Yanomami, os Krahô, os Kuikuro e os Guarani Mbya). Além das palavras, o leitor é convidado a conhecer um pouco da vida e dos costumes desses grupos;Textos em português, yanomami, krahô, kuikuro e guarani mbya.;Companhia das Letrinhas;1ª;2019;Físico;9788574066332;Terminal - Sophia Biblioteca Web (bn.gov.br);pt-BR;;Infantil;24p;;MACEDO, Valéria. Aldeias, palavras e mundos indígenas.São Paulo : Companhia das Letrinhas, 2015.;https://m.media-amazon.com/images/I/81UbxXiQZOL._SL1500_.jpg;indigena
"""O povo das histórias de assombração""";;Yaguarê Yamã;Uziel Guaynê Oliveira ;"Culturas indígenas; lendas; mitos; entidades da mitologia Maraguá; Boitatá; Curupira";São lendas, mitos e entidades da mitologia Maraguá. Assim conhecemos nosso país, descobrimos que o Boi Tatá e o Curupira, por exemplo, já estavam, a muito tempo, entre nós.;;Cintra;1ª;2020;Físico;978-6500087192;O Povo Das Histórias De Assombração | Amazon.com.br;pt-BR;;Juvenil;91p;;YAMÃ, Yaguarê. O povo das histórias de assombração. São Paulo: Cintra, 2020.;https://m.media-amazon.com/images/I/71pEoN0F1XL._SL1500_.jpg;indigena
"""Guayarê: o menino da aldeia do rio"" ";;Yaguarê Yamã;;"Culturas indígenas; povo Maraguá; rio Abacaxis; infância";História do menino Guayarê, de apenas sete anos, que fala dos costumes da tribo maraguá: como organizam suas atividades do dia a dia, a vida às margens do rio Abacaxis e o modo como se divertem em meio à natureza.;Texto em português e maraguá, língua do povo Maraguá.Inclui glossário.;Biruta;1ª;2020;Físico;9788578481414;Terminal - Sophia Biblioteca Web (bn.gov.br);pt-BR;;Infantojuvenil;32p;;YAMÃ, Yaguarê. Guayarê: o menino da aldeia do rio. São Paulo: Biruta, 2019.;https://m.media-amazon.com/images/I/8155yAAEFrL._SL1500_.jpg;indigena
"""Pequenas guerreiras""";;Yaguarê Yamã;Taisa Borges;"Culturas indígenas; guerreiras indígenas;  rio Nhamundá";É a história de cinco meninas, filhas das amazonas, lendárias guerreiras indígenas. Um dia, elas vão brincar no lago Espelho da Lua, na região do rio Nhamundá, e são surpreendidas por indígenas inimigos;;FTD;1ª;2013;Físico;9788532284280;Terminal - Sophia Biblioteca Web (bn.gov.br);pt-BR;;Infantojuvenil;40p;;YAMÃ, Yaguarê. Pequenas guerreiras. São Paulo: FTD, 2013.;https://m.media-amazon.com/images/I/91WCKXvUA4L._SL1500_.jpg;indigena
"""A Origem dos filhos do estrondo do trovão - Uma história do povo Tariana";;Daniel Munduruku;Rosinha Campos;"Culturas indígenas; povo Tariana";Fala da história do povo Tariana, sua origem, sua sabedoria e suas conquistas.;;Callis;1ª;2020;Físico;978-8545401001;A Origem dos Filhos do Estrondo do Trovão - Uma História do Povo Tariana: Uma História do Povo Tariana : Munduruku, Daniel, Campos, Rosinha: Amazon.com.br: Livros;pt-BR;;Infantojuvenil;30p;;MUNDURUKU, Daniel. A Origem dos Filhos do Estrondo do Trovão - Uma História do Povo Tariana. São Paulo: Callis, 2020.;https://m.media-amazon.com/images/I/61ZfFEINNtL._SL1200_.jpg;indigena
"""Tupã tenondé: a criação do universo, da terra e do homem segundo a tradição oral guarani""";;Kaka Werá Jecupé ;;"Culturas indígenas; tradição oral Guarani; criação do mundo";É a história da criação do universo, da terra e do homem segundo a tradição oral guarani.;;Peirópolis;1ª;2020;Físico;8585663510;Tupã Tenondé: A criação do Universo, da terra e do homem segundo a tradição oral Guarani | Amazon.com.br;pt-BR;;Juvenil;123p;;JECUPÉ, Kaka Werá. Tupã tenondé: a criação do universo, da terra e do homem segundo a tradição oral guarani. São Paulo: Editora FundaçãoPeirópolis, 2020.  ;https://m.media-amazon.com/images/I/81sGtXbwJXL._SL1500_.jpg;indigena
"""Os olhos do Jaguar""";;Yaguarê Yamã;Rosinha ;"Culturas indígenas; povo Maraguá; pajés; caso dos conselhos; sabedoria ancestral";No povo Maraguá, as histórias são contadas para as crianças pelo malylis, os pajés, dentro da mirixawaruka, a casa de conselho.;Premiações: Altamente recomendável pela FNLIJ 2022;Jujuba;1ª;2021;Físico;9786589830054;Terminal - Sophia Biblioteca Web (bn.gov.br);pt-BR;;Infantojuvenil;21p;;YAMÃ, Yaguarê. Os olhos os Jaguar.São Paulo: Jujuba, 2021.;https://m.media-amazon.com/images/I/61c6+rbqfdL._SL1234_.jpg;indigena
""" O diário de Kaxi- um curumim descobre o Brasil"" ";;Daniel Munduruku;Crianças munduruku da aldeia Katõ;"Culturas indígenas; infância; aventuras";Kaxi viaja da da floresta até a cidade pela primeira vez e um mundo novo de descobertas se abre para o menino indígena.;;Salesiana;1ª;2001;Físico;8587997572;https://acervo.bn.gov.br/sophia_web/acervo/detalhe/216820?guid=1725650455655&returnUrl=%2fsophia_web%2fresultado%2flistar%3fguid%3d1725650455655%26quantidadePaginas%3d1;pt-BR;;Infantojuvenil;48p;;MUNDURUKU, Daniel. O diário de Kax : um curumin descobre o Brasil. São Paulo: Salesiana, 2001.;https://acervo.bn.gov.br/sophia_web/capa/capa/216820;indigena
"""Uma amizade (Im) possivel: as aventuras de Pedro e Aukê no Brasil colonial"" ";;Lilia Moritz Schwarcz ;Spacca;"Culturas indígenas; Brasil colonial; povo Tupinambá";Dos primeiros contanto entre europeus e indígenas, é a história do encontro de Pedro, um menino português, e Aukê, um curumim tupinambá. Com semelhanças e diferenças, os dois meninos terão suas histórias cruzadas;Acompanha um glossário histórico-cultural.;Companhia das Letrinhas;1ª;2022;Físico;978-65-8177-611-4;Uma amizade (im)possível (edição revista e atualizada) - Lilia Moritz Schwarcz - Grupo Companhia das Letras;pt-BR;;Infantojuvenil;64p;;SCHARCZ, Lilia Moritz. Uma amizade (Im)possivel: as aventuras de Pedro e Aukê no Brasil colonial.São Paulo: Companhia das Letrinhas, 2022.;https://cdl-static.s3-sa-east-1.amazonaws.com/covers/gg/9786581776114/uma-amizade-impossivel-edicao-revista-e-atualizada.jpg;indigena
"""Contos e lendas da Amâzonia""";;Reginaldo Prandi;Pedro rafael;"Culturas indígenas; contos e lendas; mitologia; Amazônia";Nesta antologia, o autor reuniu vinte e cinco narrativas para nos mostrar um pouco desse universo infinito da mitologia amazônica;;Seguinte;2ª;2022;Físico;978-85-5534-202-8;Contos e lendas da Amazônia (edição revista e atualizada) - Reginaldo Prandi - Grupo Companhia das Letras;pt-BR;;Infantojuvenil;256p;;PRANDI, Reginaldo.Contos e lendas da Amâzonia.São Paulo: Seguinte, 2022.;https://cdl-static.s3-sa-east-1.amazonaws.com/covers/gg/9788555342028/contos-e-lendas-da-amazonia-edicao-revista-e-atualizada.jpg;indigena
"""Tainãly, uma menina maraguá""";;Lia Minápoty;Laurabeatriz;"Culturas indígenas; povo Maraguá; Infância";Tainãly é uma menina Maraguá, povo indígena que vive no estado do Amazonas. Ela nos convida a criança a conhecer sua aldeia, brincar, ver bichos da floresta e aprender muitas palavras novas. Texto bilíngue (português e língua maraguá).;Texto em português com tradução paralela em maraguá.;Positivo;1ª;2018;Físico;9788538584612;Terminal - Sophia Biblioteca Web (bn.gov.br);pt-BR;;Infantojuvenil;22p;;MINÁPOTY, Lia. Tainãly, uma menina maraguá. Curitiba: Editora Positivo, 2014.;https://m.media-amazon.com/images/I/91ehZZE8SvL._SL1500_.jpg;indigena
"""Lua menina e menino onça""";;Lia Minápoty;Suryara Bernardi;"Culturas indígenas; mitologia indígena; oralidade";Este conto, da autora indígena Lia Minápoty, é baseado nas lendas que, quando menina, ouvia nos saraus em sua aldeia. Seus antepassados foram hábeis contadores de história e suas publicações são, para ela, um ato para manter esta tradição. A valorização da oralidade da narrativa pretende garantir com fidedignidade, os detalhes memorizados do conto e preservar a cultura e saberes de seu povo. Todo o livro é ilustrado com belas pinturas digitais, que surpreendem e ressaltam o encantamento do texto ao ampliar as possibilidades de leitura. Um exemplar precioso, indicado para crianças e adolescentes.;;RHJ;1ª;2014;Físico;9788571533363;Lua-menina e menino-onça (rhjlivros.com.br);pt-BR;;Infantojuvenil;32p;;MINÁPOTY, Lia. Lua menina e menino onça. Belo Horizonte: RHJ, 2014.;https://d2j6dbq0eux0bg.cloudfront.net/images/11793269/3552006268.png;indigena
"""Yara é vida""";;"Lia Minápoty; Elias Yaguakãg";"Osvaldo Piva; Evandro Rhoden(Editor)";"Culturas indígenas; mitologia indígena; povo Maraguá";"""Yara é vida”, da escritora indígena Lia Minapoty, surgiu na imaginação conjunta dela com seu tio Elias, também escritor e grande contador de histórias nativas. A obra trata, como pano de fundo, sobre a água, o valor que ela tem para o povo indígena e a inclusão na história de uma entidade bem bonita e do bem como as tantas que povoam a mitologia do povo Maraguá.";;Kazuá;1ª;2018;Físico;978-8566179613;Yara é vida | Amazon.com.br;pt-BR;;Infantojuvenil;32p;;"MINÁPOTY, Lia; YAGUAKÃG, Elias. Yara é vida. São Paulo:Kazuá, 2018.";https://m.media-amazon.com/images/I/51O-MK1aPUL.jpg;indigena
"  ""Com a noite veio o sono"" ";;Lia Minápoty;Maurício Negro;"Culturas indígenas; mitologia indígena; povo Maraguá";Existem muitas explicações para a existência do dia e da noite – desde as científicas, passando pelas religiosas e as histórias de tradição oral. A autora indígena Lia Minápoty brinda seus leitores com a história do nascimento da noite que seu povo, os Maraguá, conta, geração após geração. Essa lenda revela como era impossível que esse povo dormisse e descansasse sem a existência da noite. E nos convence, com muita poesia, ilustrada pelos belos desenhos de Maurício Negro, de como a noite é necessária para que os homens continuem a viver e a produzir;;Leya;1ª;2011;Físico;9788580441147;Com a noite veio o sono - Lia Minápoty - Livraria Maracá (livrariamaraca.com.br);pt-BR;;Infantojuvenil;31p;;MINÁPOTY, Lia.Com a noite veio o sono. São Paulo: Leya, 2018.;https://i0.wp.com/www.livrariamaraca.com.br/wp-content/uploads/2019/10/COM-A-NOITE-VEM-O-SONO-CAPA-e1570290816634.jpg?w=512&ssl=1;indigena
""" A árvore de carne e outros contos""";;"Lia Minápoty;Yagurê Yamã";Mariana Newlands;"Culturas indígenas; povo Maraguá; mitologia indígena";"Esta edição conta com seis contos da mitologia do povo Maraguá, descendente da antiga civilização Tapajônica – que desenvolveu sofisticada cerâmica decorada –, habitante da região do rio Abacaxis, no Amazonas. O fato de ambos os autores serem originários de tal cultura busca anular a presença de um branco como intermediário das narrativas – um pajé sai em busca de novos poderes guiado por uma voz misteriosa; o deus Guarimonãg se encontra cercado por forças malignas e usa uma árvore para se defender; o garoto deixa a aldeia e vai morar em plena mata por amor à natureza; um jovem casal apaixonado desenvolve plano para conseguir o consentimento dos pais da moça; um homem resolve se opor às proibições da tribo e enfrenta as maldições de uma lagoa e, por fim, é narrada a origem do povo Maraguá. O volume contém um glossário que explica os significados de palavras do idioma Maraguá – e de outras línguas indígenas – e do vocabulário típico da Amazônia.";;Tordesilhinhas;1ª;2012;Físico;978-8564406339;A árvore de carne – Editora Alta Books;pt-BR;;Infantojuvenil;52p;;"MINÁPOTY, Lia; YAMÃ, Yaguarê. A árvore de carne e outros contos. São Paulo: Tordesilhinhas, 2012.";https://m.media-amazon.com/images/I/81+Algi7DXL._SL1500_.jpg;indigena
"""Flor da mata"" ";;Graça Graúna;;"Culturas indígenas;  povo Potiguara; mitologia indígena";"Graça Graúna, filha do povo Potiguara (RN), faz o seguinte destaque na apresentação  do seu livro: ""Minha intuição diz que a flor sugere ao mesmo tempo a leveza e a força que vem da Mãe-Terra; leveza e força que o ""hajin"" (fazedor de haicai) também necessita para o haicai acontecer.";;Penninha edições;1ª;2013;Físico;978-8567265087;Flor Da Mata | Amazon.com.br;pt-BR;;Infantojuvenil;48p;;GRAÚNA,Graça. Criatura de Ñanderu. Barueiri-Sp:Amarilys Editora, 2013.;https://m.media-amazon.com/images/I/71qwCh0+FJL._SL1002_.jpg;indigena
"""Criatura de Ñanderu""";;Graça Graúna;;"Culturas indígenas; povo Potiguara; conto indígena";Criaturas de Ñanderu consiste em um emocionante conto indígena escrito por Graça Graúna no qual uma garota com nome de pássaro, ao tornar-se adulta, ganha asas e sai de sua tribo para conhecer a cidade grande. Graça Graúna é indígena, descendente Potiguara (RN), educadora universitária na área de Literatura e Direitos Humanos. é também autora de Canto Mestizo , Tessituras da Terra e Tear da Palavra .;;Amarilys Editora;1ª;2009;Físico;978-8520430576;Criaturas de Ñanderu | Amazon.com.br;pt-BR;;Infantojuvenil;24p;;GRAÚNA,Graça. Criatura de Ñanderu. São Paulo: Amarilys Editora, 2009.;https://m.media-amazon.com/images/I/81PObF0qDsL._SL1000_.jpg;indigena
"""A anta, os tracajás e as estrelas""";;Nancy Caruso Ventura;Bruno Gomes;"Culturas indígenas; dia-a-dia";Os  meninos de uma aldeia, lá no Morená, adoravam jeni-papo, que é um fruto bem gostoso mesmo. Era sempre uma festa subir na árvore e comer todos os que estavam maduros. Mas não eram só os meninos que gostavam de jenipapo. Uma velha anta também era fã do fruto.;;Noovha América;1ª;2013;Físico;9788576732679;A anta, os tracajas e as estrelas (travessa.com.br);pt-BR;;Infantojuvenil;29p;;VENTURA, Nancy Caruso. A anta, os tracajás e as estrelas. São Paulo : Noovha América, 2012.;https://m.media-amazon.com/images/I/41Mm8oTgi1L.jpg;indigena
""" O sapo e o deus da chuva: um conto do povo Yaqui""";;Judy Goldman;"Arno Avilés; Tradução: Graça Graúna";"Culturas indígenas; fábulas; mitologia indígena";O sol escaldante castigava a terra. Nenhuma gota de chuva caía. O povo da aldeia já havia rezado durante muito tempo ao deus da chuva, mas ele não ouvia. Quando o chefe da aldeia anunciou que o povo teria que abandonar o lugar, um terceiro mensageiro se apresentou: um sapo ancião. Qual seria o seu plano?;;FTD;1ª;2013;Físico;8532284248;O Sapo e o Deus da Chuva: Um Conto do Povo Yaqui | Amazon.com.br;pt-BR;;Infantojuvenil;32p;;GOLDMAM,Judy. O sapo e o deus da chuva: um conto do povo Yaqui. São Paulo: FTD,2013.;https://m.media-amazon.com/images/I/71Frz9LtZaL._SL1225_.jpg;indigena
""" O saci verdadeiro""";;Olívio Jekupé;;"Culturas indígenas; lendas;  Saci-Pererê";Karaí aprendeu com sua mãe várias histórias sobre o seu povo. Sua favorita era a de Jaxy Jaterê, o protetor das florestas e das pessoas. Quando começou a frequentar a escola, ele descobriu que havia um livro sobre Saci-Pererê, nome dado pelos não índios ao mesmo personagem. Aquilo deixou o curumim confuso, afinal, qual era o Saci verdadeiro? Nesta história em quadrinhos, Olívio Jekupé revela a importância do registro das histórias orais e da preservação da memória para os povos indígenas.;;Panda Books;2ª;2021;Físico;9786556971476;Terminal - Sophia Biblioteca Web (bn.gov.br);pt-BR;;Infantojuvenil;32p;;JEKUPÈ, Olívio.O saci verdadeiro. São Paulo: Panda Books, 2021.;https://m.media-amazon.com/images/I/91oZ-GMTo4L._SL1500_.jpg;indigena
"""A mulher que virou uruatu""";;"Olívio Jekupé;Maria Kerexu";Taisa Borges, texto em guarani: Jera Giselda;"Culturas indígenas; mitologia indígena";Esta é a história de uma bela índia que se apaixona por Jaxi, o Lua. Para saber se o sentimento é verdadeiro, Jaxi resolve colocar em prova o amor da jovem. Esta é a lenda guarani sobre o pássaro urutau, ave que possui uma diferente estratégia de camuflagem: ficar imóvel nos troncos das árvores, de olhos fechados, para não chamar a atenção dos predadores. Por meio da lenda é possível discutir a relação entre essência e aparência, valores e virtudes, além da própria cultura indígena. O livro traz o texto em português e em guarani, além de dados informativos sobre o pássaro urutau.;;Panda Books;1ª;2011;Físico;9788578881467;Terminal - Sophia Biblioteca Web (bn.gov.br);pt-BR;;Infantojuvenil;24p;;"JEKUPÈ, Olívio; KEREXU, Maria. A mulher que virou Uruatu. São Paulo: Panda Books, 2011.";https://m.media-amazon.com/images/I/71FrObAsqgL._SL1181_.jpg;indigena
""" A volta de Tukã""";;Olívio Jekupé;Osvaldo Piva;"Culturas indígenas; infância; conto indígena";Em “A volta de Tukã”, do escritor indígena Olívio Jekupé que fora ilustrado por Osvaldo Piva, conta-se, em uma narrativa infantil, a história da vivência de uma família indígena com um filhote de tukano. Este, depois de adulto, volta à floresta mas como um filho pródigo volta ao lar com uma adorável surpresa.;;Kazuá;1ª;2018;Físico;8566179625;A volta de Tukã | Amazon.com.br;pt-BR;;Infantojuvenil;32p;;JEKUPÉ, Olívio. A volta de Tukã. São Paulo: Editora Kazuá, 2018. ;https://m.media-amazon.com/images/I/51uj4JhemRL.jpg;indigena
"""As queixadas e outros contos guaranis""";;Olívio Jekupé;Fernando Vilela;"Culturas indígenas; contos indígenas; mitologia";"Coletânea de sete contos da cultura guarani, de cinco autores. A maior parte deles conta a origem de alguma coisa: por que é tão difícil caçar o urubu-rei; a origem do sol e da lua; por que os sapos fazem tanto barulho à noite; como um menino valente colocou limites ao sol, ao vento e ao frio; a primeira e única moça que virou sereia; um coelho silvestre (tapixi) tímido, mas curioso; o indígena que conheceu a Terra sem Males (Yvy Marãhe’y).";;FTD;1ª;2021;Físico;978-8532284471;As Queixadas e Outros Contos Guaranis | Amazon.com.br;pt-BR;;Infantojuvenil;64p;;JEKUPÉ, Olívio. As queixadas e outros contos guaranis.São Paulo: FTD, 2021.;https://m.media-amazon.com/images/I/61Ir6nf6OnL._SL1200_.jpg;indigena
"""A história de piragui""";;"Olivio Jekupé;Maria Kerexu";Simone Ziasch.;"Culturas indígenas; lenda indígena; sereia";Conta a lenda que a sereia piragui sempre ficava por perto para ajudar os pescadores a pescar bastante peixe, porém, em troca, ela pedia um bebê. Todos os indígenas ficavam com medo dela. Mas, um deles, sem conseguir pescar, aceitou a ajuda da sereia, pensando que nada de ruim aconteceria. Porém ela apareceu para cobrar o acordo feito...Lenda indígena, que passa de pai para filho, contada por Maria Kerexu, escrita por Olivio Jekupe e ilustrada por Simone Ziasch.;;Ciranda na escola;1ª;2023;Físico;978-6553841888;A história de piragui - 9786553841888 - Livros na Amazon Brasil;pt-BR;;Infantojuvenil;32p;;"JEKUPÉ, Olivio; KEREXU, Maria. A história de piragui. São Paulo:Ciranda na escola, 2023.";https://m.media-amazon.com/images/I/717r0CqgWVL._SL1200_.jpg;indigena
"""Contos dos curumins guaranis";;"Jeguaká Mirim; Tupã Mirin";Geraldo Valério;"Culturas indígenas; contos indígenas; povo Guarani; costumes e modos de vida";Depois de mais de 500 anos de contato com os homens brancos, muitos povos indígenas perderam sua língua, suas terras e até foram extintos. Apesar desse longo convívio, o povo guarani mantém sua língua e suas cerimônias religiosas, que fazem parte do dia a dia nas aldeias. Contos dos curumins guaranis apresenta oito histórias que revelam um pouco do nhande reko (modo de vida) do povo guarani.;;FTD;1ª;2021;Físico;978-8532293008;Contos dos Curumins Guaranis | Amazon.com.br;pt-BR;;Infantojuvenil;48p;;"MIRIM, Jeguaká; MIRIN, Tupã. Contos dos curumins guaranis. São Paulo: FTD, 2021.";https://m.media-amazon.com/images/I/61CWgi0qrOL._SL1200_.jpg;indigena
O Tupã Mirim;;Olívio Jekupe;Carla Irusta;"Culturas indígenas; contos indígenas; aventuras";Tupã Mirim é um jovem índio muito esperto e companheiro. Ele gosta de ir até o lago perto de sua aldeia e de ver os adultos caçarem, e sempre está com seus amigos quando eles fazem competições para ver quem nada mais rápido ou quem sobe primeiro nas árvores. Um dia, porém, Tupã começa a se sentir triste e excluído das atividades feitas pelos jovens, já que possui um problema que os demais índios não têm.;;Leya;1ª;2014;Físico;978-8581818641;O Tupã Mirim. Pequeno Guerreiro | Amazon.com.br;pt-BR;;Infantojuvenil;48p;;JEKUPÉ, Olívio.O Tupã Mirim. São Paulo: Leya, 2014.;https://m.media-amazon.com/images/I/615O63jG5KL._SL1000_.jpg;indigena
"""A explosão do ojepotá""";;"Olívio Jekupé; Tupã Mirin; Jekupe Mirim";;"Culturas indígenas; sabedoria ancestral";Um mergulho nas crenças e histórias que são testemunhos do passado e ao mesmo tempo janelas abertas para compreender o presente e refletir sobre o futuro. Escritas por Olivio Jekupe,Tupã Mirin e Jekupe Mirim, as crônicas convidam o leitor a refletir sobre nossa relação com a natureza e com outras culturas.;;Ciranda na escola;1ª;2023;Físico;978-6553841796;A explosão do ojepotá - 9786553841796 - Livros na Amazon Brasil;pt-BR;;Infantojuvenil;32p;;"JEKUPÉ,Olívio; MIRIN, Tupã; MIRIM, Jekupe. A explosão do ojepotá. São Paulo: Ciranda na escola, 2023.";https://m.media-amazon.com/images/I/71Y2k7xOaqL._SL1200_.jpg;indigena
"""Infância da aldeia""";;Márcia Wayna Kambeba ;Cris Eich;"Culturas indígenas; Infância";Um livro de Márcia Wayna Kambeba, com ilustração de Cris Eich, que convida os leitores a conhecer a relfetir sobre a beleza da diversidade e a importância de preservar as tradições que moldam a vida de cada povo.;;Ciranda na escola;1ª;2023;Físico;978-6553842427;Infância na aldeia - 9786553842427 - Livros na Amazon Brasil;pt-BR;;Infantojuvenil;32p;;KAMBEBA, Márcia Wayna. Infância da aldeia. São Paulo: Ciranda na escola, 2023.;https://m.media-amazon.com/images/I/71ji6iDVAbL._SL1200_.jpg;indigena
"""Tulu: em busca de um lugar para viver""";;Donaldo Buchweitz;;"Culturas indígenas; aventuras";Tulu vive entre a floresta e o lavrado. Ele é amigo dos animais, das plantas e de toda a natureza que o cerca. Mas tudo começa a mudar quando as queimadas tomam conta da mata. Nesta história, Tulu vai descobrir que não são só os animais e a floresta que estão correndo perigo.;;Ciranda cultural;1ª;2020;Físico;978-8538091875;Tulu | Amazon.com.br;pt-BR;;Infantojuvenil;32p;;BUCHWEITZ, Donaldo.Tulu: em busca de um lugar para viver.São Paulo: Ciranda Cultural, 2020.;https://m.media-amazon.com/images/I/71rQmmFSsEL._SL1000_.jpg;indigena
"""O curumim Wirá e os encantados""";;Márcia Wayna Kambeba;;"Culturas indígenas; conhecimento ancestral";No coração da floresta amazônica, na aldeia de Uka Tana, vivia Wirá, o filho do cacique. Apesar de parecer com todos os outros curumins, ele se sentia diferente. Tinha dificuldade de aprender o que era ensinado na escola, não conseguia ler nem escrever muito bem. Mas aprendia com a natureza, e sabia que era só para escutar com o coração.;;Casa Cultural;1ª;2023;Físico;978-8554105198;O curumim Wirá e os encantados - 9788554105198 - Livros na Amazon Brasil;pt-BR;;Infantojuvenil;32p;;KAMBEBA, Márcia Wayna.O curumim Wirá e os encantados. Campinas-SP: Casa Cultural, 2023.;https://m.media-amazon.com/images/I/513HgxUwodL.jpg;indigena
"""A morada de Tupã""";;Antenor Ferreira Jr.;Thaís Mesquita;"Culturas indígenas; aventuras";O livro narra uma lenda indígena com elementos textuais e projeto editorial bem ao gosto de pequenos leitores. Neste conto, o chefe da tribo marubo e seu filho esperavam o momento certo para abater um caititu que pastava tranquilamente com seu filhote. Mas, a flecha disparada atinge o pequeno animal. O leitor é levado a descobrir o que terá acontecido, nesta história repleta de magia.;;Editora Baobá;1ª;2014;Físico;9788566653342;A morada de Tupã / Autor: Antenor Ferreira Jr./ Ilustrador (rhjlivros.com.br);pt-BR;;Infantojuvenil;32p;;FERREIRA, Antenor Jr. A morada de Tupã. Belo Horizonte: Editora Baobá, 2014.;https://d2j6dbq0eux0bg.cloudfront.net/images/11793269/3555067223.png;indigena
"""A lenda do menino encatado""";;Yêda Marquez;Mário Vinícius Silva;"Culturas indígenas; povo Krahô; aventura";Belo conto indígena, que narra a lenda de Kenkumã, um menino de nove anos que, às margens do rio que contorna o povoado Krahô, viverá grandes aventuras, ao encontrar um tesouro. História cheia de magia e mistério, com ilustrações instigantes que provocam suspense e o interesse.;;Editora Baobá;1ª;2014;Físico;9788566653359;A lenda do menino encantado / Autor: Yêda Marquez/ Ilustra (rhjlivros.com.br);pt-BR;;Infantojuvenil;36p;;MARQUEZ, Yêda. A lenda do menino encatado. Belo Horizonte: Editora Baobá, 2014.;https://d2j6dbq0eux0bg.cloudfront.net/images/11793269/3552379801.png;indigena
"""Menino-arara""";;Adriana Mendonça;Adriana Mendonça;"Culturas indígenas; infância; aventuras";Belas imagens feitas em grafite e coloridas em aquarela desenham o encontro das araras com o menino indígena. No esvoaçar por entre as árvores, as cores das figuras sugerem, nos movimentos dos traços, o compasso de um balé. Proporciona ao leitor o desejo de desvendar os segredos e contar a história das personagens. Belas imagens feitas em grafite e coloridas em aquarela desenham o encontro das araras com o menino indígena. ;;Editora Baobá;1ª;2014;Fisico ;9788566653366;Menino-arara / Autor: Adriana Mendonça/ Ilustrador: Adrian (rhjlivros.com.br);pt-BR;;Infantojuvenil;36p;;MENDONÇA, Adriana. Menino-arara. Belo Horizonte: Editora Baobá, 2014.;https://d2j6dbq0eux0bg.cloudfront.net/images/11793269/3542975928.png;indigena
"""Ajuda o saci-Kamba í""";;Olívio Jekupé;;"Culturas indígenas; escola; infância";Em edição bilíngue – português e guarani –, Olívio Jekupé conta a história de Vera, um indiozinho que queria estudar na escola dos não índios. As aquarelas de Rodrigo Abrahim captam a atmosfera alegre e corajosa dos indígenas, em sua luta para defender-se dos não índios.;;DCL;1ª;2006;Físico;978-8536801933;Ajuda do saci kamba'i | Amazon.com.br;pt-BR;;Infantojuvenil;40p;;JEKUPÉ, Olívio. Ajuda o saci-Kamba í. São Paulo: Difusão Cultural do Livro, 2006.;https://m.media-amazon.com/images/I/81wNbWZ28UL._SL1500_.jpg;indigena
"Verá - O contador de histórias""";;Olívio Jekupé;;"Culturas indígenas; contos indígenas";Todos pensam que só os índios mais velhos têm boas histórias para contar. Mas agora você conhecerá Verá Mirim, um curumim guarani que conta histórias fantásticas e emocionantes, e que diverte a todos com sua criatividade e inteligência. Quem sabe você descobre que, além de bom leitor, pode ser também um imaginativo contador de histórias? Quarto volume da Coleção Memórias Ancestrais, Verá traz um olhar sobre a mitologia ainda viva do povo guaran;Coleção: Memórias ancestrais;Peirópoles;1ª;2004;Físico;9788585663988;Vera: o contador de historias (travessa.com.br);pt-BR;;Infantojuvenil;48p;;JEKUPÉ, Olívio.Verá - O contador de histórias. São Paulo: Editora Peirópolis, 2009.;https://img.travessa.com.br/livro/BA/15/15921f68-0c77-4c46-b6df-d711d891625a.jpg;indigena
"""Jóti, o tamanduá""";;"Vãngri Kaingang;Maurício Negro";;"Culturas indígenas; conto ttradicional Kaingáng; fábula";Nesse livro, o escritor e ilustrador Mauricio Negro e a escritora, arte-educadora e artesã Vângri Kaingáng recontam uma narrativa tradicional Kaingáng – um dos três povos indígenas mais populosos do Brasil. A história trata de Jóty, um velho sábio tamanduá, que ensina a Kame e Kanhru os segredos e os encantos da dança, do canto e da música.Foram os irmãos gêmeos que criaram todas as plantas, os animais e o povo Kaingáng. Tudo o que existe, desde então, tem metade criadora Kame. E também uma outra metade Kanhru. E cada metade tem poderes diferentes, embora complementares. E os animais têm ensinado outros tantos dons e conhecimentos aos Kaingáng.;;Global;1ª;2010;Físico;978-85-260-1495-4;Jóty, o tamanduá - Livro - Grupo Editorial Global;pt-BR;;Infantojuvenil;32p;;"KAINGANG, Vãngri; NEGRO,Maurício. Jóti, o tamanduá. São Paulo: Global, 2010.";https://grupoeditorialglobal.com.br/capas/400/3190.jpg;indigena
"""Guaynê derrota a cobra grande""";;Thiago Hakin;Maurício Negro;"Culturas indígenas; povo sateré-mawé; contos tradicionais";"A Fundação Nacional do Livro Infantil e Juvenil (FNLIJ) – seção brasileira do International Board on Books for Young People (IBBY), cuja missão é divulgar livros de qualidade para crianças e jovens –, reconhecendo o trabalho inédito da escrita literária criada por indígenas para esse público, e como ação de fortalecimento da nova década dos povos indígenas (2005-2015), proclamada pela UNESCO, criou, em 2004, em parceria com o Instituto Indígena Brasileiro para Propriedade Intelectual (INBRAPI), por meio do Núcleo de Escritores e Artistas Indígenas (NEArIn), o Concurso Tamoios de Textos de Escritores Indígenas.A obra Guaynê derrota a Cobra Grande – Uma história indígena , de Tiago Hakiy, amazonense de Barreirinha, filho da etnia sateré-mawé, é a vencedora do 9º Concurso Tamoios de Textos de Escritores Indígenas. A Autêntica Editora, unindo-se a essa ação inovadora, publica o texto vencedor, possibilitando que este, transformado em livro, seja lido por mais pessoas.
";;Yellowfante;1ª;2022;Físico;978-6584689046;Guaynê derrota a cobra grande: Uma história indígena | Amazon.com.br;pt-BR;;Infantojuvenil;32p;;HAKIY, Thiago. Guaynê derrota a cobra grande. Belo Horizonte: Yellowfante, 2022.;https://m.media-amazon.com/images/I/81SlWbqmXuL._SL1500_.jpg;indigena
"""Estrela Kaingáng: A lenda do primeiro pajé""  ";;Vãngri Kaingang;Catarina Bessel;"Culturas indígenas; povo Kaingáng; sabedoria ancestral";Com a ajuda da sua Mãe Lua, a estrela terá de enfrentar espíritos do mal que tentarão atacar seu filho e sua esposa. Assim começa a história do primeiro pajé da tribo kaingáng, o líder que protegerá seu povo de todas as ameaças e os guiará para uma vida de paz, sabedoria e harmonia com a natureza.;;Biruta;1ª;2016;Físico;978-85-7848-143-8;Estrela Kaingáng - a lenda do primeiro pajé – Editora Biruta;pt-BR;;Infantojuvenil;32p;;KAINGANG, Vãngri. Estrela Kaingáng: A lenda do primeiro pajé. São Paulo: Biruta, 2016.;https://www.editorabiruta.com.br/cdn/shop/products/estrela-kaigang_480x.jpg?v=1549467781;indigena
"""Ipaty, o curumim da selva""";;Ely Macuxi;;"Culturas indígenas; lendas; mitologia; povo Macuxi";O livro narra as aventuras do curumim, cujo nome dá título ao livro, contadas pelo próprio menino. Entrelaçadas nas aventuras estão as lendas, os mitos, as tradições, os costumes e o cotidiano dos Macuxi, indígenas que habitam as serras do estado de Roraima, próximo à fronteira do Brasil e Venezuela;Coleção: Universo Indígena;Paulinas;1ª;2011;Físico;9788535627008;Ipaty, o curumim da selva - Paulinas;pt-BR;;Infantojuvenil;32p;;MACUXI, Ely.I paty, o curumim da selva. São Paulo: Paulinas, 2011.;https://checkout.paulinas.com.br/resizer/view/410/410/true/false/67.jpg;indigena
"""Awyató-pót:Histórias indígenas para crianças""";;Tiago Hakiy;;"Culturas indígenas; povo Mawé; contos; mitologia indígena";Awyató-pót: histórias indígenas para crianças é uma obra que se caracteriza pela bravura do povo Mawé, representada nos contos pela figura mítica que dá título ao livro. São quatro histórias. A primeira história conta sobre o nascimento do curumim, fruto da união de uma índia metamorfoseada em cobra com um gavião real. Na segunda, é contada a valentia e o caráter de liderança de Awyató-pót que conseguiu negociar com a Surucucu a Noite para levá-la a sua tribo. Na terceira, o índio derrotou o monstro Juma, devorador de seus parentes e na quarta, em que Awyató-pót, já viúvo e dominado pelo ciúme que tinha da filha, é enganado pelo sapo O ók que desposou a moça. As histórias de Awyató-pót podem ser lidas como as narrativas de aventuras singulares e imprevistas de um mito que sintetiza a cultura de um povo que, ao ser interpretado sob a visão microcósmica, nos ensina que a Humanidade, aqui e acolá, enfrenta os mesmos desafios: garantir a existência. As histórias contadas por Tiago Hakiy dão o recado do povo indígena Mawé: o desejo de aproximar o mundo mítico dos índios ao mundo das crianças da cidade;Coleção: Universo indígena - Série raízes;Paulinas;1ª;2011;Físico;9788535628401;Awyató-pót - Paulinas;Pt-BR;;Infantojuvenil;32p;;HAKIY, Thiago. Awyató-pót: Histórias indígenas para crianças. São Paulo: Paulinas, 2011.;https://checkout.paulinas.com.br/resizer/view/410/410/true/false/2656.jpg;indigena
"""De Bubuia com vovó Anica""";;Lucia Tucuju;Luciana Grether;"Culturas indígenas; memórias; infância; povo Galibi Marworno";O livro traz as memórias de infância, ao lado da sábia avó Anica, da indígena Lucia Tucuju (professora de educação infantil e escritora), do povo Galibi Marworno (Amapá). Para ilustrar essas lembranças afetivas, as lindas imagens criadas por Luciana Grether.;;Rebulico;1ª;2013;Físico;978-6584652132;DE BUBUIA COM VOVO ANICA | Amazon.com.br;pt-BR;;Infantojuvenil;32p;;TUCUJU, Lucia. De Bubuia com vovó Anica. Rio de Janeiro: Rebulico, 2013.;https://m.media-amazon.com/images/I/61xrwssbAWL._SL1131_.jpg;indigena
"""Abaré""";;Graça Lima;;"Culturas indígenas; aventuras; infância";"Abaré significa ""amigo"" em tupi-guarani. Esse é o nome que recebe um indiozinho muito especial, personagem central do nosso livro. A obra conta, por meio de belas ilustrações, a história desse indiozinho curioso e esperto que adora conhecer novos lugares e descobrir as diferenças que existem em cada espécie. Os caminhos por onde ele passa, os animais que ele encontra e até as surpresas que ele vê, tudo isso ensina e ajuda o nosso amigo a amadurecer. De todas as descobertas, a maior delas será a amizade, sentimento para ser levado vida afora.";;Paulus;1ª;2009;Físico;978-8534930222;Abaré | Amazon.com.br;pt-BR;;Infantojuvenil;40p;;LIMA, Graça. Abaré. São Paulo: Paulus, 2009.;https://m.media-amazon.com/images/I/51smZb6D7HL._SL1000_.jpg;indigena
""" A aventura de Abaré""";;Juliana Schroden;Roberto Weigand;"Culturas indígenas; infância; aventuras";Abaré é um simpático papagaio que vive com seu amigo Membira e sua família em uma aldeia indígena nômade. Embora feliz, Abaré parte para a cidade em busca de aventuras. Nelas, conhece diversas crianças, que vivem em famílias muito diferentes, em ambientes urbanos bem variados. E nessa busca, ele faz uma descoberta reveladora.;;FTD;1ª;2012;Físico;978-8532282774;A Aventura de Abaré | Amazon.com.br;pt-BR;;Infantojuvenil;48p;;SCHRODEN, Juliana. A aventura de Abaré. São Paulo: FTD, 2012.;https://m.media-amazon.com/images/I/61Ss7wPmmOL._SL1200_.jpg;indigena
""" Curumim Abaré imitando os animais""";;Dulce Seabra;Sérgio Maciel;"Culturas indígenas; infância; aventuras";Os autores conduzem nossos passos junto a Abaré, um curumim que apresenta um pouco da cultura indígena e de seu jeito de interagir com os animais. O texto mostra as particularidades e diferenças dos habitantes da mata, revelando às crianças segredos que só com atenção e curiosidade podemos conhecer!;;Cortez;2ª;2016;Físico;978-8524914416;Curumim Abaré imitando os animais | Amazon.com.br;pt-BR;;Infantojuvenil;32p;;SEABRA, Dulce. Curumim Abaré imitando os animais. São Paulo: Cortez, 2016.;https://m.media-amazon.com/images/I/71ID1twwfwL._SL1200_.jpg;indigena
"""A chave do meu sonho, ou como um parafuso frouxo fez-me encontrar a chave e o sonho""";;Daniel Munduruku;Rita Carelli;"Culturas indígenas; aventura; infância";Ele nasceu filho do cacique da aldeia. Seus irmãos foram treinados para a arte da guerra. Mas ele tinha um dom – que o abençoou e o amaldiçoou – levando-o ao mundo dos pajés. Conheça a história desse jovem indígena que narra seu caminho em busca de seu destino. Em uma jornada de autoconhecimento guiada por dois grandes mestres, ele conhece seus sonhos e viaja em meio aos segredos e mistérios de sua existência. Esta obra é comemorativa dos 25 anos de literatura do escritor Daniel Munduruku;;Edua;1ª;2021;Físico;978-8574014265;A chave do meu sonho, ou como um parafuso frouxo fez-me encontrar a chave e o sonho | Amazon.com.br;pt-BR;;Infantojuvenil;102p;;MUNDURUKU, Daniel. A chave do meu sonho, ou como um parafuso frouxo fez-me encontrar a chave e o sonho. Amazonas: Edua, 2021.;https://m.media-amazon.com/images/I/51U9g7LUBxL.jpg;indigena
"""Redondeza""";;Daniel Munduruku;;"Culturas indígenas; infância; dia-a-dia";Redondeza convida todos os leitores à aproximação e encontro com as crianças e infâncias indígenas. Através das narrativas do texto e das imagens, percorremos lugares de viver e pertencer apresentados por várias crianças, do ponto de vista deles. Narrado em primeira pessoa, o livro representa as muitas vozes infantis dos povos indígenas, e levanta sentimentos frutos da relação profunda dos povos originários com a terra, os rios, as plantas, os animais, e com os adultos. Redondeza compõe uma roda, ao longo das páginas, circular como a forma tão importante nas culturas indígenas. Um livro para conversar sobre o que nos envolve, nos protege, nos cerca e abraça.;;Criadeira Livros;1ª;2023;Físico;978-6588098028;Redondeza - Daniel Munduruku - Livraria Maracá (livrariamaraca.com.br);pt-BR;;Infantojuvenil;31p;;MUNDURUKU, Daniel. Redondeza. São Paulo: Criadeira livros, 2023.;https://www.livrariamaraca.com.br/wp-content/uploads/2022/04/redondeza-daniel-munduruku.png;indigena
"""Minha Família Enauenê""";;Rita Carelli;Anabella López;"Culturas indígenas; povo Enauenê-Nauê; biografia";"Minha família Enaunê é a história da autora Rita Carelli, que passou parte de sua infância na aldeia indígena dos Enauenê-Nauê, no estado do Mato Grosso. De todas as descobertas que Rita faz entre os índios, cujos costumes e cultura são bem diferentes daqueles a que estava habituada,uma em especial chama a sua atenção: os papéis sociais rígidos estabelecidos para homens e  mulheres. A menina se vê então em um impasse: prefere brincar, nadar no rio e jogar futebol –atividades reservadas aos meninos – a realizar as tarefas próprias das mulheres. É quando ela toma a decisão de desafiar as regras e fazer parte do grupo dos meninos. Mas essa experiência não durará para sempre, e voltar a participar das atividades das meninas mostra-se algo bastante difícil. Um livro que aborda, de maneira sensível, questões como a dos papéis sociais, da divisão do trabalho, da diversidade cultural e dos diferentes modos de vida.No posfácio, a escritora e antropóloga Betty Mindlin, que acompanhou a trajetória da autora desde sua infância, nos conta: “Em um povo extraordinário e com mãe e pai extraordinários, Rita mergulhou no mundo indígena e guardou uma compreensão que talvez poucos profissionais sejam capazes de atingir. Foi uma experiência marcante, que ficou sob a sua pele para sempre.
Na espontaneidade de criança, ia vivendo como os da sua idade, aprendendo as mesmas regras de  comportamento, que sem querer, como o livro conta, contestou de repente”. Completa esta edição um texto da antropóloga Ana Paula Ratto Rodgers, especialista nos Enauenê-Nauê, no qual explica um pouco de suas tradições e de seus costumes. As belas ilustrações, criadas por Anabella López, misturam as linguagens da pintura e da colagem, exploram contrastes e trazem detalhes importantes da tribo, como as tatuagens na
barriga das mulheres, a forma das casas e a dimensão do pátio.";;FTD;1ª;2018;Físico;978-8596016513;Minha Família Enauenê | Amazon.com.br;pt-BR;;Infantojuvenil;48p;;CARELLI, Rita. Minha Família Enauenê. São Paulo: FTD, 2018.;https://m.media-amazon.com/images/I/71uinj3YNwL._SL1018_.jpg;indigena
"""Tapajós""";;Fernando Vilela;;"Culturas indígenas; rio Tapajós; dia-a-dia";Cauã e Inauê vivem às margens do Jari, um pequeno canal que liga o rio Amazonas ao rio Tapajós, no estado do Pará. Os irmãos vivem em uma casa simples, de palafitas, com os pais e Titi, o jabuti de estimação da família. Mas o personagem principal do livro é, na verdade, o próprio cenário da pequena vila, que é de encher os olhos.;;Brinque-Book;1ª;2014;Físico;978-8574124988;Tapajós | Amazon.com.br;pt-BR;;Infantojuvenil;40p;;VILELA, Fernando. Tapajós. São Paulo: Brinque-Book, 2014.;https://m.media-amazon.com/images/I/A1UXN3gE56L._SL1500_.jpg;indigena
"""Chapeuzinho verde""";;Maria Lucia Takua Peres;Yacunâ Tuxá;"Culturas indígenas; infância; povo Avá-Guarani";"O conto clássico da menina que leva doces para a vovozinha já foi inspiração para um sem-número de outras histórias. Em algumas delas, o chapéu tem outra cor; em outras, o lobo é bom; há outras ainda em que o lobo conta a sua versão da história... Nessa obra potente de Maria Lucia Takua Peres, indígena da etnia Avá-Guarani, e ricamente ilustrada por Yacunã Tuxá, indígena do povo Tuxá, Chapeuzinho Verde nos convida a abrir a mente e o coração se quisermos garantir a sobrevivência da Terra e de todos os que nela habitam.";;Leiturinha;1ª;2023;Físico;978-8592806279;Chapeuzinho verde | Amazon.com.br;pt-BR;;Infantojuvenil;48p;;PERES, Maria Lucia Takua. Chapeuzinho verde. Minas Gerais: Leiturinha, 2023.;https://m.media-amazon.com/images/I/81zn1zXggUL._SL1500_.jpg;indigena
"""Jaxy Jaterê""";;Geni Nuñez;Miguel Moura;"Culturas indígenas; lendas indígenas";Jaxy Jatere é um ser miudinho que vive na floresta. Adora se divertir à noite, tem um assobio bem alto e, assim como o Saci Pererê, vive saltitando para lá e para cá.Mesmo pequenino, é um ser muito, muito sabido. Amigo das plantas, conhece tudo sobre as ervas e os chás que curam doenças no corpo e no coração. E, quando alguém tenta fazer mal à floresta, Jaxy entra em ação, protegendo-a com suas habilidades espertas e muito travessas.;;HarperKids;1ª;2023;Físico;978-6559800605;Amazon.com.br eBooks Kindle: Jaxy Jaterê, Nuñez, Geni, Moura, Miguela;pt-BR;;Infantojuvenil;28p;;NUÑES, Geni. Jaxy Jaterê. São Paulo: HarperKids, 2023.;https://m.media-amazon.com/images/I/A19JZe9pe4L._SL1500_.jpg;indigena
"""As aventuras de Kara'i Tukumbó""";;Claudio Djagwá Ka'agwy Kara'i Tukumbó Lima;;"Culturas indígenas; aventuras; etnia Tukumbó";As Aventuras de Kara’i Tukumbó” é uma história sobre um jovem indígena com olhos de pássaro e um sorriso fácil, que cresceu em meio à natureza, rodeado por animais e plantas. Ele amava conversar com o pajé, um homem sábio e curandeiro que conhecia todas as plantas e possuía serenidade e paz. Juntos, eles compartilhavam histórias e conhecimentos, e Kara’i Tukumbó aprendia sobre as maravilhas da natureza e a importância de protegê-la. A história nos leva a uma jornada de descoberta e aprendizado, onde o respeito pela natureza e pela sabedoria dos mais velhos é valorizado. “Djaguwá kara’i Tukumbó, ferramenta de Deus para fazer a diferença a todos a sua volta” Maria Luiza Cardoso Lima, Secretária da Associação indígena Ara Pyau. “Quando assumimos nossa ancestralidade somos os donos da nossa história. Tudo em sua existência o trouxe a esse momento… Nhanderú o guiou” Géssi Lima. “Ouça o que dizem os antigos, preste atenção na fala dos velhos, pois eles guardam a palavra do Criador” Ailton Krenak, ativista e escritor.;;Edua;1ª;2023;Físico;978-8574019468;As Aventuras de Kara’i Tukumbó | Amazon.com.br;pt-BR;;Infantojuvenil;20p;;LIMA, Claudio Djagwá Ka'agwy Kara'i Tukumbó. As aventuras de Kara'i Tukumbó. Amazonas: Edua, 2023.;https://m.media-amazon.com/images/I/51bVYNdVj0L.jpg;indigena
""" Das Crianças Ikpeng Para o Mundo""";;Rita Carelli;Rita Carelli;"Culturas indígenas; povo Ikpeng; modo de vida; dia-a-dia";Nada melhor do que conhecer uma aldeia Ikpeng tendo por guias as próprias crianças indígenas. Neste livro, Yampï, Yuwipó, Kamatxi e Eruwó nos convidam a visitar a casa do cacique, tomar banho de rio e comer frutas no pé. Entendemos as tarefas dos homens e das mulheres – e como os meninos e as meninas também colaboram com os afazeres do dia a dia, sem deixar, é claro, de se divertir com os brinquedos que eles mesmos constroem. A coleção Um Dia na Aldeia traz um olhar autêntico e contemporâneo sobre diferentes povos indígenas ao possibilitar que eles mesmos contem suas histórias. Cada livro, em edição bilíngue, vem acompanhado do filme que o inspirou, feito por cineastas indígenas ou com a colaboração dos índios. Você pode assistir aos filmes antes ou depois da leitura, mas o convite é sempre o mesmo: desfrutar de um dia na aldeia de um povo indígena no Brasil.;;SESI-SP;1ª;2018;Físico;9788550408705;DAS CRIANÇAS IKPENG PARA O MUNDO | Livraria Martins Fontes Paulista;pt-BR;;Infantojuvenil;48p;;CARELLI, Rita. Das Crianças Ikpeng Para o Mundo. São Paulo: SESI-SP, 2018.;https://martinsfontespaulista.vteximg.com.br/arquivos/ids/259650-1000-1000/862396_ampliada.jpg?v=637251695736430000;indigena
"""No tempo do verão = Ashi Osaretsippaiteki : um dia na aldeia Ashaninka""";;Rita Carelli;Mariana Zaneti;"Culturas indígenas; povo Ashaninka; modo de vida; dia-a-dia";Na aldeia Ashaninka, verão é tempo de farra de passarinho, pé de fruta carregado e pescaria em família. Mas é, antes de tudo, tempo de descoberta. As crianças deixam de IR à escola para aprender com os mais velhos a vida na floresta: fazer flechas, construir abrigo na margem do rio, acender o fogo, cozinhar macaxeira, fisgar peixe com arpão. Tayri, Piyãko e Bianca nos mostram que novas experiências podem ser muito divertidas. A coleção Um Dia na Aldeia traz um olhar autêntico e contemporâneo sobre diferentes povos indígenas ao possibilitar que eles mesmos contem suas histórias. Cada livro, em edição bilíngue, vem acompanhado do filme que o inspirou, feito por cineastas indígenas ou com a colaboração dos índios. Você pode assistir aos filmes antes ou depois da leitura, mas o convite é sempre o mesmo: desfrutar um dia na aldeia de um povo indígena no Brasil.;;SESI-SP;1ª;2018;Físico;978-8550408729;No Tempo do Verão | Amazon.com.br;pt-BR;;Infantojuvenil;48p;;CARELLI, Rita. No tempo do verão = Ashi Osaretsippaiteki : um dia na aldeia Ashaninka. São Paulo: SESI-SP, 2018.;https://m.media-amazon.com/images/I/81zwBoG-UzL._SL1000_.jpg;indigena
"""No país do Jabuti: contos e mitos indígenas do Brasil""";;Beatrice Tanaka;;"Culturas indígenas; mitologia; fábulas";"Este livro traz histórias da tradição oral indígena brasileira, seus mitos, suas lendas e fábulas; que perpetuam o conhecimento sobre as origens e características do ser humano.";;Nacional;1ª;2006;Físico;8504010716;Terminal - Sophia Biblioteca Web (bn.gov.br);pt-BR;;Infantojuvenil;40p;;TANAKA, Beatrice. No país do Jabuti: contos e mitos indígenas do Brasil. São Paulo : Ed. Nacional, 2006.;https://acervo.bn.gov.br/sophia_web/capa/capa/221319;indigena
"""Mandí reko – O conto de Mandí""";;Luã Apyká;Anna Bheatriz Nunes;"Culturas indígenas; povo tupi-guarani; mitologia";Em um conto da tradição oral do povo tupi-guarani, o autor Luã Apyká reconta a história de Mandí.A partir das súplicas de um casal de anciãos da aldeia, o grande espírito da Lua, Djatsy, resolve atendê-los e eles se tornarão pais.Ao longo da narrativa, o leitor acompanhará o nascimento, desenvolvimento e o amadurecimento de Mandí. E a comunidade de seu povo viverá uma experiência transformadora e uma nova sabedoria será transmitida a todos.É uma história que fala sobre costumes, hábitos, estrutura social e alimentar, bem como do papel renovador de Mandí para a cultura tupi-guarani.;Prêmios & Seleções :Os 30 melhores livros infantis do ano 2024 | Revista Crescer;Gaivota;1ª;2023;Físico;978-6586686463;https://www.editorabiruta.com.br/products/mandi-reko-o-conto-de-mandi?srsltid=AfmBOoroqC7TlTtjvttxhmj9vi8jyz_e0r1UDFW1-NozzaFSSIOcUsFa;pt-BR;;Infantojuvenil;56p;;APYKÁ ,Luã. Mandí reko – O conto de Mandí. São Paulo: Gaivota, 2023.;https://m.media-amazon.com/images/I/81Vn73yVYhL._SL1500_.jpg;indigena
"""Por que o sol anda devagar""";;Hernâni Donato;Mônica Haibara;"Culturas indígenas; povo Carajás; mitologia indígena";Os índios Carajás contam que a Terra era um lugar muito escuro e frio, porque não havia a luz do Sol, nem da Lua, nem das estrelas, e os homens eram obrigados a manter um braseiro dentro de casa. Cansados dessa labuta, pediram ao moço forte Cananxiuê que arranjasse luz e calor o tempo todo. Foi então que o índio resolveu segurar o Sol pelo rabo!;;Melhoramentos;1ª;2003;Físico;8506038219;Terminal - Sophia Biblioteca Web (bn.gov.br);pt-BR;;Infantojuvenil;24p;;DONATO, Hernâni. Por que o sol anda devagar. São Paulo: Melhoramentos, 2003.;https://m.media-amazon.com/images/I/A1bppG6D7xL._SL1500_.jpg;indigena
"""Brasil, os Indigenas e a Flor Primavera""";;Vera Pereira;"Rafael Ghiraldell,Débora Garcia; Capa de André Ceolin";"Culturas indígenas; lendas indígenas";Era uma vez uma aldeia. Lá morava um belo jovem chamado Porã. Ele costuma sentar-se à sombra de uma folhagem frondosa. Até que um dia...;;Pontes;1ª;2017;Físico;9788571138131;O Brasil, os Indígenas e a Flor da Primavera - Pontes Editores;pt-BR;;Infantojuvenil;30p;;PEREIRA, Vera. Brasil, os Indígenas e a Flor Primavera. Campinas, SP: Pontes, 2017.;https://ponteseditores.com.br/loja3/wp-content/uploads/2024/02/O-Brasil-os-indigenas-e-a-flor-primavera-capa.jpg;indigena
"""Sou pankara sou indigena do sertão de Pernambuco""";;Ana Sélia Rodrigues Novaes e Thiago Emanuel Rodrigues Novaes;Camila Sousa dos Santos;"Culturas indígenas; indígenas do sertão; Pernambuco; aventuras";Ana é uma criança indígena sertaneja que tem imaginação sem igual e orgulho de suas origens. Sonhadora, deseja conhecer outros povos nativos e, junto de seu melhor amigo, um umbuzeiro - árvore típica e sagrada do seu lugar - enfrenta desafios para realizar sua jornada. Junte-se a personagens encantadores em uma aventura repleta de beleza, diversidade e cultura dos povos do semiárido brasileiro!;;Inverso;1ª;2023;Físico;978-8555403569;Sou pankara sou indigena do sertão de Pernambuco | Amazon.com.br;pt-BR;;Infantojuvenil;23p;;"NOVAES, Ana Sélia Rodrigues; NOVAES, Thiago Emanuel Rodrigues. Sou pankara sou indigena do sertão de Pernambuco. Curitiba,PR: Inverso, 2017.";https://m.media-amazon.com/images/I/51TjmTnf4OL.jpg;indigena
"""O sonho da Buya-wasú""";;Moara Tupinambá;Moara Tupinambá;"Culturas indígenas; mitologia indígena";Uma jovem indígena que vive na cidade, ao viajar para Cucurunã, aceita o desafio de se reconectar às suas origens para derrotar uma ameaça simbolizada pelo Monstro de Lata. Para tanto, ela precisa evocar a Buya-Wasú e libertar os seres encantados do casco da tartaruga. A autora e também ilustradora utilizou técnicas mistas de colagem e ilustração, o que torna o livro rico em narrativa visual e fortalece a continuidade da cultura indígena contemporânea em múltiplas plataformas da arte.  Moara Brasil e seu irmão criaram um canto original na língua nheegantu.O livro tem revisão de nheengatu do professor George Borari, do Tapajós/Pará.;;Miolo Mole;1ª;2020;Físico;978-65-991456-2-9;Miolo Mole (editoramiolomole.com);pt-BR;;Juvenil;56p;;TUPINAMBÁ, Moara. O sonho da Buya-wasú. São Paulo: Miolo Mole, 2020.;https://s3-sa-east-1.amazonaws.com/eurekadigital/dev/mioloMole/59d01bed-d028-4c2d-9c25-a272f8deb87fO%20SONHO%20DA%20BUYUASSU%20-%20capa.jpg;indigena
"""Depois do ovo: a guerra = Priara jõ: um dia na aldeia Panará""";;Ana Carvalho;Rita Carelli;"Culturas indígenas; povo Panará; infância; brincadeiras";Para as crianças Panará, brincar de guerra é coisa séria. Ao reviver a antiga guerra de seu povo contra os Txucarramãe, seus velhos inimigos, os meninos da aldeia pintam o corpo, cortam os cabelos, fabricam as armas para celebrar a história, que se torna presente. Em meio a falsos golpes de borduna e muita correria, não faltam boas doses de risada. A coleção Um Dia na Aldeia traz um olhar autêntico e contemporâneo sobre diferentes povos indígenas ao possibilitar que eles mesmos contem suas histórias. Cada livro, em edição bilíngue, vem acompanhado do filme que o inspirou, feito por cineastas indígenas ou com a colaboração dos índios. Você pode assistir aos filmes antes ou depois da leitura, mas o convite é sempre o mesmo: desfrutar de um dia na aldeia de um povo indígena no Brasil.;Série um dia na aldeia. Texto em português com tradução paralela na língua panará Perankô Panará. O filme que inspirou o livro pode ser acessado pelo QR code que consta no livro.;SESI-SP;1ª;2018;Físico;9788550408736;Terminal - Sophia Biblioteca Web (bn.gov.br);pt-BR;;Infantojuvenil;40p;;CARVALHO, Ana. Depois do ovo: a guerra = Priara jõ: um dia na aldeia Panará. São Paulo: SESI-SP., 2018.;https://m.media-amazon.com/images/I/81ZD0-NRXlL._SL1000_.jpg;indigena
"""A História de Akykysia, o Dono da Caça""";;Rita Carelli;Rita Carelli;"Culturas indígenas; povo Wajãpi; aventuras";Quem caçar de maneira exagerada terá de acertar as contas com Akykysia, o monstro canibal que mora na floresta e tudo vê. Isso quem conta são os pajés do povo Wajãpi, lembrando uma história que aconteceu há muito tempo com seus antepassados, quando encararam de perto a fúria do dono da caça. A história diz ainda que um menino esperto descobriu o esconderijo do monstro, e assim os Wajãpi puderam caçá-lo. Apesar disso, os mais velhos acreditam que o Akykysia continua até hoje à espreita na mata. A coleção Um Dia na Aldeia traz um olhar autêntico e contemporâneo sobre diferentes povos indígenas ao possibilitar que eles mesmos contem suas histórias. Cada livro, em edição bilíngue, vem acompanhado do filme que o inspirou, feito por cineastas indígenas ou com a colaboração dos índios. Você pode assistir aos filmes antes ou depois da leitura, mas o convite é sempre o mesmo: desfrutar de um dia na aldeia de um povo indígena no Brasil.;Série um dia na aldeia. Texto em português com tradução paralela em Wajãpi. O filme que inspirou o livro pode ser acessado pelo QR code que consta no livro;SESI-SP;1ª;2018;Físico;9788550403878;Terminal - Sophia Biblioteca Web (bn.gov.br);pt-BR;;Infantojuvenil;50p;;CARELLI, Rita. A História de Akykysia, o Dono da Caça. São Paulo: SESI-SP, 2018.;https://m.media-amazon.com/images/I/91jfYhL2EEL._SL1500_.jpg;indigena
"""Maria Sapeba""";;Ana Maria Machado;Marilda Castanha;"Culturas indígenas; mitologia indígena";Fala da lenda do linguado, um peixe que os índios chamavam de Maria Sapeba. Mistura a mitologia indígena sobre os bichos, com as histórias que eles ouviam dos jesuítas que vieram catequizá-los.;Série Barquinho de Papel;Ática;1ª;1996;Físico;8508060661 ;https://acervo.bn.gov.br/sophia_web/acervo/detalhe/556545?guid=1720627973955&returnUrl=%2fsophia_web%2fresultado%2flistar%3fguid%3d1720627973955%26quantidadePaginas%3d1%26codigoRegistro%3d556545%23556545&i=1;pt-BR;;Infantojuvenil;25p;;MACHADO, Ana Maria. Maria Sapeba. São Paulo: Editora Ática, 1996.;https://m.media-amazon.com/images/I/91mCKx4FKXL._SL1500_.jpg;indigena
"""Histórias de Índio""";;Daniel Munduruku;LauraBeatriz;"Culturas indígenas; povo Munduruku; infância; memória";"Livro que apresenta um conto sobre a cultura munduruku, com crônicas e depoimentos sobre as experiências vividas pelo autor no chamado ""mundo dos brancos"". Traz, também, informações gerais sobre a diversidade étnica dos povos indígenas brasileiros. A edição tem desenhos de crianças indígenas e fotos de aldeias mundurukus.";Prêmios: Érico Vanucci Mendes, 2003. Inclui glossário;Companhia das letrinhas;1ª;1996;Físico;858546660X;https://acervo.bn.gov.br/sophia_web/acervo/detalhe/570103?guid=1720628734191&returnUrl=%2fsophia_web%2fresultado%2flistar%3fguid%3d1720628734191%26quantidadePaginas%3d3%26codigoRegistro%3d570103%23570103&i=49;pt-BR;;Infantojuvenil;71p;;MUNDURUKU, Daniel. Histórias de Índio .São Paulo: Companhia das Letrinhas, 1996.;https://m.media-amazon.com/images/I/A11Ux2V3UgL._SL1500_.jpg;indigena
"""Francisco: Gabiroba Tabajara Tupã""";;Celso Sisto;Celso Sisto;"Culturas indígenas; sabedoria ancestral. conto indígena";Um menino que não podia sair de casa e via a vida através da janela. Até que um dia avistou Francisco Gabiroba dançando na chuva. Uma cena de liberdade, que inspira a criança do apartamento a experimentar a vida. O livro explora elementos da cultura popular e jogos de palavras. ;Prêmio de Ilustrador revelação pela FNLIJ - 2000.;Aletria;1ª;1990;Físico;9788561167103;https://acervo.bn.gov.br/sophia_web/acervo/detalhe/264254?guid=1725577596152&returnUrl=%2fsophia_web%2fresultado%2flistar%3fguid%3d1725577596152%26quantidadePaginas%3d1%26codigoRegistro%3d264254%23264254&i=1;pt-BR;;Infantojuvenil;24p;;SISTO,Celso.Francisco:Gabiroba Tabajara Tupã.Belo Horizonte : Aletria, 2009.;https://m.media-amazon.com/images/I/71fRcWPI9dL._SL1297_.jpg;indigena
